scheme_id,scheme_name,short_title,level,scheme_for,ministry,state,category,tags,description,close_date,priority,search_text
pmmsyiceboxguj,PMMSY: Motorcycle with Ice Box - Gujarat,PMMSYICEBOXGUJ,State,Individual,Not specified (state scheme),Gujarat,"Agriculture,Rural & Environment",Construction Of Plant;Storage;Fishermen;Fish Sellers,"The scheme aims to provide financial assistance for the purchase of motorcycles with ice boxes. Through this scheme, eligible beneficiaries receive subsidies to enhance their livelihood opportunities.",,1.0,"PMMSY: Motorcycle with Ice Box - Gujarat. The scheme aims to provide financial assistance for the purchase of motorcycles with ice boxes. Through this scheme, eligible beneficiaries receive subsidies to enhance their livelihood opportunities. Category: Agriculture,Rural & Environment. Tags: Construction Of Plant, Storage, Fishermen, Fish Sellers."
lisulm,National Livestock Mission: Livestock Insurance Scheme - Uttarakhand Livestock Development Board,NLMLIS,State,Individual,Not specified (state scheme),Uttarakhand,"Agriculture,Rural & Environment",Livestock;Animal Husbandry;Insurance;Cattle,"The scheme aims to provide insurance coverage to livestock in order to protect cattle rearers against the loss of their animals due to death, thereby encouraging them to adopt better animal husbandry practices.",,1.0,"National Livestock Mission: Livestock Insurance Scheme - Uttarakhand Livestock Development Board. The scheme aims to provide insurance coverage to livestock in order to protect cattle rearers against the loss of their animals due to death, thereby encouraging them to adopt better animal husbandry practices. Category: Agriculture,Rural & Environment. Tags: Livestock, Animal Husbandry, Insurance, Cattle."
btlpdfp,Back-To-Lab Post-Doctoral Fellowship Programme,BTLPDFP,State,Individual,Not specified (state scheme),Kerala,Education & Learning;Women and Child,Woman;Scientist;Post-Doctoral;Fellowship;Unemployed,"The “Back-to-Lab” programme of Women Scientists Division offers Research and Post-Doctoral Fellowship to women who have break in their career, to facilitate their re-entry in science research.",,1.0,"Back-To-Lab Post-Doctoral Fellowship Programme. The “Back-to-Lab” programme of Women Scientists Division offers Research and Post-Doctoral Fellowship to women who have break in their career, to facilitate their re-entry in science research. Category: Education & Learning, Women and Child. Tags: Woman, Scientist, Post-Doctoral, Fellowship, Unemployed."
aoftmea,Award of Fellowship to Most Eminent Artist,AOFTMEA,State,Individual,Not specified (state scheme),Gujarat,Sports & Culture,Eminent Artist;Fellowship;Visual Arts;Retired Artists,"The scheme aims to honor senior eminent artists through the provision of financial assistance in the form of a monthly fellowship of ₹5,000/- for one year to support their continued contribution to the field of plastic arts.",,1.0,"Award of Fellowship to Most Eminent Artist. The scheme aims to honor senior eminent artists through the provision of financial assistance in the form of a monthly fellowship of ₹5,000/- for one year to support their continued contribution to the field of plastic arts. Category: Sports & Culture. Tags: Eminent Artist, Fellowship, Visual Arts, Retired Artists."
byswb,Banglar Yuba Sathi,BYSWB,State,Individual,Not specified (state scheme),West Bengal,Social welfare & Empowerment,Unemployed Youth Allowance;Youth Welfare;Monthly Allowance;Banglar Yuba Sathi,The scheme aims to provide monthly financial assistance to educated unemployed youth of West Bengal to support them until they get employment or join another scheme. The objective is to ensure income support for eligible unemployed youth for a maximum period of 5 years.,,1.0,"Banglar Yuba Sathi. The scheme aims to provide monthly financial assistance to educated unemployed youth of West Bengal to support them until they get employment or join another scheme. The objective is to ensure income support for eligible unemployed youth for a maximum period of 5 years. Category: Social welfare & Empowerment. Tags: Unemployed Youth Allowance, Youth Welfare, Monthly Allowance, Banglar Yuba Sathi."
psftj,Pension Scheme for the Journalists,PSFTJ,State,Individual,Not specified (state scheme),Tamil Nadu,Social welfare & Empowerment,Pension;Retirement;Financial Assistance,"The ""Pension Scheme for the Journalists"" was launched by the Tamil Development, Religious Endowments, and Information Department, Government of Tamil Nadu. The scheme aims to give a monthly pension to retired journalists.",,1.0,"Pension Scheme for the Journalists. The ""Pension Scheme for the Journalists"" was launched by the Tamil Development, Religious Endowments, and Information Department, Government of Tamil Nadu. The scheme aims to give a monthly pension to retired journalists. Category: Social welfare & Empowerment. Tags: Pension, Retirement, Financial Assistance."
dacssiselosobcebc,Dr Ambedkar Central Sector Scheme of Interest Subsidy on Educational Loans for Overseas Studies for Other Backward Classes (OBCs) and Economically Backward Classes (EBCs),DACSSISELOSOBCEBC,Central,Individual,Ministry Of Social Justice and Empowerment,All,"Education & Learning;Social welfare & Empowerment;Banking,Financial Services and Insurance",Loan;Subsidy;Interest;Education;Other Backward Class;Economically Backward Class,"The scheme provides interest subsidy to the students belonging to the OBCs and EBCs on the interest payable for the period of the moratorium for the Education Loans for overseas studies to pursue approved courses of studies abroad at Masters, M.Phil. and PhD level.",,1.0,"Dr Ambedkar Central Sector Scheme of Interest Subsidy on Educational Loans for Overseas Studies for Other Backward Classes (OBCs) and Economically Backward Classes (EBCs). The scheme provides interest subsidy to the students belonging to the OBCs and EBCs on the interest payable for the period of the moratorium for the Education Loans for overseas studies to pursue approved courses of studies abroad at Masters, M.Phil. and PhD level. Category: Education & Learning, Social welfare & Empowerment, Banking,Financial Services and Insurance. Tags: Loan, Subsidy, Interest, Education, Other Backward Class, Economically Backward Class."
copy-of-cfpc,"Distribution of Materials to Promote Herbal Cultivation in Uttarakhand - Herbal Research and Development Institute, Uttarakhand",DMPHCUKHRDI,State,Individual,Not specified (state scheme),Uttarakhand,"Agriculture,Rural & Environment",Herbal Research;Herbal;Distribution Of Seeds;Distribution Of Saplings;Medicinal Plant;Farmer,"Under this scheme, there is a special provision for the free distribution of seeds or saplings of medicinal plants up to 3 nali and seeds or saplings of aromatic plants up to 5 nali to farmers belonging to border districts, Scheduled Castes/Tribes, and Below Poverty Line (BPL) categories.",,1.0,"Distribution of Materials to Promote Herbal Cultivation in Uttarakhand - Herbal Research and Development Institute, Uttarakhand. Under this scheme, there is a special provision for the free distribution of seeds or saplings of medicinal plants up to 3 nali and seeds or saplings of aromatic plants up to 5 nali to farmers belonging to border districts, Scheduled Castes/Tribes, and Below Poverty Line (BPL) categories. Category: Agriculture,Rural & Environment. Tags: Herbal Research, Herbal, Distribution Of Seeds, Distribution Of Saplings, Medicinal Plant, Farmer."
acfpast,Assistance of Concentrate Feed for Pregnant Animals (Scheduled Tribe Category),ACFPAST,State,Individual,Not specified (state scheme),Gujarat,"Agriculture,Rural & Environment",Animal Husbandry;Pregnant Cattle;Milk Production,"This scheme provides free BIS type II concentrate feed to pregnant cattle owned by Scheduled Tribe Category livestock owners in Gujarat to ensure their good health, boost immunity, prevent metabolic diseases, and enhance milk production.",,1.0,"Assistance of Concentrate Feed for Pregnant Animals (Scheduled Tribe Category). This scheme provides free BIS type II concentrate feed to pregnant cattle owned by Scheduled Tribe Category livestock owners in Gujarat to ensure their good health, boost immunity, prevent metabolic diseases, and enhance milk production. Category: Agriculture,Rural & Environment. Tags: Animal Husbandry, Pregnant Cattle, Milk Production."
pmssc,Post Matric Scholarship For Scheduled Caste,PMSSC,State,Individual,Not specified (state scheme),Punjab,Social welfare & Empowerment,Post Matric;Scholarship;Scheduled Cast;Punjab,"The objective of the scheme is to appreciably increase the Gross Enrolment Ratio of SC students in higher education with a focus on those from the poorest households, by providing financial assistance at the post-matriculation or post-secondary stage to enable them to complete their education.",2023-01-31,1.0,"Post Matric Scholarship For Scheduled Caste. The objective of the scheme is to appreciably increase the Gross Enrolment Ratio of SC students in higher education with a focus on those from the poorest households, by providing financial assistance at the post-matriculation or post-secondary stage to enable them to complete their education. Category: Social welfare & Empowerment. Tags: Post Matric, Scholarship, Scheduled Cast, Punjab."
ma-gbocwwb,Medical Assistance (GBOCWWB),MA-GBOCWWB,State,Individual,Not specified (state scheme),Goa,Social welfare & Empowerment;Health & Wellness,Patient;Accident;Disease;Surgery;Medical;Labour,"Through the ""Medical Assistance (GBOCWWB)"" scheme, the worker who is hospitalized for 5 or more days due to an accident or any disease is provided with ₹400/- for the first 5 days and ₹40/- for the remaining days, subject to a maximum ₹2,000/-.",,1.0,"Medical Assistance (GBOCWWB). Through the ""Medical Assistance (GBOCWWB)"" scheme, the worker who is hospitalized for 5 or more days due to an accident or any disease is provided with ₹400/- for the first 5 days and ₹40/- for the remaining days, subject to a maximum ₹2,000/-. Category: Social welfare & Empowerment, Health & Wellness. Tags: Patient, Accident, Disease, Surgery, Medical, Labour."
cmheess,Uchcha Shiksha Protsahan Chhatravriti Yojana,USPCY,State,Individual,Not specified (state scheme),Uttarakhand,Education & Learning,Higher Education;Scholarship;Student;Graduation;Post-graduation,The scheme aims to promote higher education among meritorious students by providing financial support to regular undergraduate and postgraduate students in government colleges and state universities of Uttarakhand.,,1.0,"Uchcha Shiksha Protsahan Chhatravriti Yojana. The scheme aims to promote higher education among meritorious students by providing financial support to regular undergraduate and postgraduate students in government colleges and state universities of Uttarakhand. Category: Education & Learning. Tags: Higher Education, Scholarship, Student, Graduation, Post-graduation."
dcps,Dependent Children Pension Scheme - Punjab,Dcps,State,Individual,Not specified (state scheme),Punjab,Social welfare & Empowerment,Financial Assistance;Social Welfare;Children,Punjab State Government started a pension for Dependent Children of the state.,,1.0,"Dependent Children Pension Scheme - Punjab. Punjab State Government started a pension for Dependent Children of the state. Category: Social welfare & Empowerment. Tags: Financial Assistance, Social Welfare, Children."
gspevcsg,Grant of Subsidy for Purchase of 'Electric Vehicles' to Consumers in State of Goa,GSPEVCSG,State,Individual,Not specified (state scheme),Goa,"Agriculture,Rural & Environment;Transport & Infrastructure",Subsidy;Vehicle;Consumer;Incentive;Transport,"The scheme provides financial assistance in the form of a subsidy for the purchase or conversion of Electric two-wheelers, three-wheelers, and four-wheelers, along with scrapping incentives for old vehicles, incentives for local manufacturing in Goa, and low-cost loans provided by CESL.",,1.0,"Grant of Subsidy for Purchase of 'Electric Vehicles' to Consumers in State of Goa. The scheme provides financial assistance in the form of a subsidy for the purchase or conversion of Electric two-wheelers, three-wheelers, and four-wheelers, along with scrapping incentives for old vehicles, incentives for local manufacturing in Goa, and low-cost loans provided by CESL. Category: Agriculture,Rural & Environment, Transport & Infrastructure. Tags: Subsidy, Vehicle, Consumer, Incentive, Transport."
sssscm,"Scholarship Scheme of Sainik School Chhingchhip, Mizoram",SSSSCM,State,Individual,Not specified (state scheme),Mizoram,Education & Learning,Student;Scholarship;Education;Tuition;Defence;Stipend,"The scheme aims to award financial scholarships to eligible boys of Mizoram domicile who are admitted to Sainik School Chhingchhip, specifically to foster their development and prepare them for future entry into the officer’s cadre of the Armed Forces. Benefits include coverage for School Fee, etc.",,1.0,"Scholarship Scheme of Sainik School Chhingchhip, Mizoram. The scheme aims to award financial scholarships to eligible boys of Mizoram domicile who are admitted to Sainik School Chhingchhip, specifically to foster their development and prepare them for future entry into the officer’s cadre of the Armed Forces. Benefits include coverage for School Fee, etc. Category: Education & Learning. Tags: Student, Scholarship, Education, Tuition, Defence, Stipend."
marriage-of-daughter-of-sc-widow,Financial Assistance for the Marriage of Daughters of Widows/Destitute Women belonging to the Scheduled Caste,FAMDW,State,Family,Not specified (state scheme),Chandigarh,Social welfare & Empowerment;Women and Child,Widow Women;Daughter Marriage;Financial Assistance;Scheduled Caste,"By the Chandigarh Government, this scheme is initiated to reduce the financial burden for the girl marriage. Under the scheme financial assistance will be provided.",,2.0,"Financial Assistance for the Marriage of Daughters of Widows/Destitute Women belonging to the Scheduled Caste. By the Chandigarh Government, this scheme is initiated to reduce the financial burden for the girl marriage. Under the scheme financial assistance will be provided. Category: Social welfare & Empowerment, Women and Child. Tags: Widow Women, Daughter Marriage, Financial Assistance, Scheduled Caste."
rmsrppp,Rajya/Mukhyamantri Swarn/Rajat Padak Protsahan Puraskar,RMSRPPP,State,Individual,Not specified (state scheme),Uttarakhand,Education & Learning,Education;Cash Incentive;NCC,"This scheme awards cash incentives to NCC cadets who demonstrate outstanding performance in the current year's RDC, TSC, VSC, or NSC camps, recognizing six gold medal recipients with ₹3,000/- and six silver medal recipients with ₹2000/-.",,1.0,"Rajya/Mukhyamantri Swarn/Rajat Padak Protsahan Puraskar. This scheme awards cash incentives to NCC cadets who demonstrate outstanding performance in the current year's RDC, TSC, VSC, or NSC camps, recognizing six gold medal recipients with ₹3,000/- and six silver medal recipients with ₹2000/-. Category: Education & Learning. Tags: Education, Cash Incentive, NCC."
ipsacispg,Investment Promotion Scheme (IPS) for MSME Sector: Assistance For Capital Investment In Solar Power Generation,IPSACISPG,State,Infra,Not specified (state scheme),Dadra & Nagar Haveli and Daman & Diu,Business & Entrepreneurship,Solar Power Generation;Capital Investment;MSMEs;Incentives;Entrepreneurship;Subsidy;Reimbursement,"“Assistance For Capital Investment In Solar Power Generation” under the “Investment Promotion Scheme (IPS)” for MSME sector, by the Dept. of Industries, DNH & DD, aims to encourage MSMEs to use Solar Power through providing Capital subsidy for setting up of Solar Power Plant for generation of power.",,3.0,"Investment Promotion Scheme (IPS) for MSME Sector: Assistance For Capital Investment In Solar Power Generation. “Assistance For Capital Investment In Solar Power Generation” under the “Investment Promotion Scheme (IPS)” for MSME sector, by the Dept. of Industries, DNH & DD, aims to encourage MSMEs to use Solar Power through providing Capital subsidy for setting up of Solar Power Plant for generation of power. Category: Business & Entrepreneurship. Tags: Solar Power Generation, Capital Investment, MSMEs, Incentives, Entrepreneurship, Subsidy, Reimbursement."
fanf-pwd,Financial Assistance Under The National Fund For Persons With Disabilities,FANF-PWD,Central,Infra,Ministry Of Social Justice and Empowerment,All,Skills & Employment;Social welfare & Empowerment,Disability;PwD;Differently Abled;Empowerment;Financial Assistance,A scheme by DoEPwDs for providing financial assistance to the Persons with Disabilities (PwDs) in support of various livelihood activities. The objective of these guidelines is to provide a framework to support financial assistance under the Fund for relevant core areas for empowerment of PwDs.,,3.0,"Financial Assistance Under The National Fund For Persons With Disabilities. A scheme by DoEPwDs for providing financial assistance to the Persons with Disabilities (PwDs) in support of various livelihood activities. The objective of these guidelines is to provide a framework to support financial assistance under the Fund for relevant core areas for empowerment of PwDs. Category: Skills & Employment, Social welfare & Empowerment. Tags: Disability, PwD, Differently Abled, Empowerment, Financial Assistance."
isds,Integrated Sheep Development Scheme,ISDS,State,Infra,Not specified (state scheme),Jammu and Kashmir,"Agriculture,Rural & Environment",Livestock;Animal Husbandry,ISDS was launched in the year 2020-21 by the J&K Govt. to promote income generation through the establishment of sheep & goat units. This scheme is innovative & self-sustaining as fresh units shall be established in a continuous cyclic manner from the retrieved livestock of previous beneficiaries.,,3.0,"Integrated Sheep Development Scheme. ISDS was launched in the year 2020-21 by the J&K Govt. to promote income generation through the establishment of sheep & goat units. This scheme is innovative & self-sustaining as fresh units shall be established in a continuous cyclic manner from the retrieved livestock of previous beneficiaries. Category: Agriculture,Rural & Environment. Tags: Livestock, Animal Husbandry."
nsygtkdc,New Swarnima Yojana for Women (GTKVN),NSYW(GTKVN),State,Individual,Not specified (state scheme),Gujarat,"Banking,Financial Services and Insurance;Business & Entrepreneurship;Women and Child",Business;Entrepreneurship;Loan;Self-Employment;Woman;BPL;Thakor Caste;Koli Caste,"The scheme aims to promote economic upliftment of women from Thakor & Koli communities living below poverty line by supporting them in self-employment ventures. Under this scheme, 100% financial support up to ₹1,00,000/- is provided to eligible women for starting a business/trade of their choice.",,1.0,"New Swarnima Yojana for Women (GTKVN). The scheme aims to promote economic upliftment of women from Thakor & Koli communities living below poverty line by supporting them in self-employment ventures. Under this scheme, 100% financial support up to ₹1,00,000/- is provided to eligible women for starting a business/trade of their choice. Category: Banking,Financial Services and Insurance, Business & Entrepreneurship, Women and Child. Tags: Business, Entrepreneurship, Loan, Self-Employment, Woman, BPL, Thakor Caste, Koli Caste."
makbocwwb,Marriage Assistance (K.B.O.C.W.W.B),MAKBOCWWB,State,Family,Not specified (state scheme),Karnataka,Women and Child;Social welfare & Empowerment,Labour;Building Worker;Construction Worker;Marriage;Weeding,"The ""Marriage Assistance'' by the BOCW Welfare Board, Department of Labour, Karnataka, is a welfare scheme that provides financial support to registered construction workers for the marriage expenses of their own or their two (2) dependent children's marriages.",,2.0,"Marriage Assistance (K.B.O.C.W.W.B). The ""Marriage Assistance'' by the BOCW Welfare Board, Department of Labour, Karnataka, is a welfare scheme that provides financial support to registered construction workers for the marriage expenses of their own or their two (2) dependent children's marriages. Category: Women and Child, Social welfare & Empowerment. Tags: Labour, Building Worker, Construction Worker, Marriage, Weeding."
saec,State Art Exhibition Competition,SAEC,State,Individual,Not specified (state scheme),Gujarat,Sports & Culture,State Art Exhibition;Fine Arts Competition;Awards;Cash Prize;Artist Scholarship,"The scheme ""State Art Exhibition Competition"" by the Sports, Youth and Cultural Activities Department, Government of Gujarat aims to promote fine arts and recognize artistic talents by providing awards and scholarships to artists, art students, and school children across Gujarat.",,1.0,"State Art Exhibition Competition. The scheme ""State Art Exhibition Competition"" by the Sports, Youth and Cultural Activities Department, Government of Gujarat aims to promote fine arts and recognize artistic talents by providing awards and scholarships to artists, art students, and school children across Gujarat. Category: Sports & Culture. Tags: State Art Exhibition, Fine Arts Competition, Awards, Cash Prize, Artist Scholarship."
mmyg,Mukhyamantri Matrushakti Yojana,MMYG,State,Individual,Not specified (state scheme),Gujarat,Social welfare & Empowerment;Health & Wellness,Maternal Health;Pregnancy;Nutrition Kit;Infant,The scheme aims to enhance maternal and child health by providing nutritional support to first-time pregnant women and mothers of young children during the crucial first 1000 days of life.,,1.0,"Mukhyamantri Matrushakti Yojana. The scheme aims to enhance maternal and child health by providing nutritional support to first-time pregnant women and mothers of young children during the crucial first 1000 days of life. Category: Social welfare & Empowerment, Health & Wellness. Tags: Maternal Health, Pregnancy, Nutrition Kit, Infant."
sehtmdu,Scheme for Establishment of Hi-Tech and Mini Dairy Units,SEHTMDU,State,Individual,Not specified (state scheme),Haryana,"Agriculture,Rural & Environment",Mini Dairy Unit;Hi-Tech;Animal Husbandry;Self-employment;Unemployed;Milch Animal;Interest Subvention;Subsidy;Financial Assistance,"Under this scheme, unemployed persons will be assisted by way of providing financial assistance in form of subsidy for establishing dairy units of 4, 10, 20 & 50 milch animals like buffaloes, indigenous cows (Hariana, Sahiwal, Belahi, Red Sindhi, Tharparkar and Gir breeds only) and crossbred cows.",,1.0,"Scheme for Establishment of Hi-Tech and Mini Dairy Units. Under this scheme, unemployed persons will be assisted by way of providing financial assistance in form of subsidy for establishing dairy units of 4, 10, 20 & 50 milch animals like buffaloes, indigenous cows (Hariana, Sahiwal, Belahi, Red Sindhi, Tharparkar and Gir breeds only) and crossbred cows. Category: Agriculture,Rural & Environment. Tags: Mini Dairy Unit, Hi-Tech, Animal Husbandry, Self-employment, Unemployed, Milch Animal, Interest Subvention, Subsidy, Financial Assistance."
srshsfdc,Sheep Rearing Scheme (HSFDC),SRSHSFDC,State,Individual,Not specified (state scheme),Haryana,"Banking,Financial Services and Insurance;Business & Entrepreneurship",Sheep Rearing;HSFDC;Loan;BPL;Scheduled Caste;Self-employment,"Under this scheme, the Corporation provides loans/benefits to individuals from Below Poverty Line (BPL) families, whose annual family income does not exceed ₹1,80,000/-, in both rural and urban areas for self-employment income generating activities such as sheep rearing.",,1.0,"Sheep Rearing Scheme (HSFDC). Under this scheme, the Corporation provides loans/benefits to individuals from Below Poverty Line (BPL) families, whose annual family income does not exceed ₹1,80,000/-, in both rural and urban areas for self-employment income generating activities such as sheep rearing. Category: Banking,Financial Services and Insurance, Business & Entrepreneurship. Tags: Sheep Rearing, HSFDC, Loan, BPL, Scheduled Caste, Self-employment."
dtc,Divisional Tripartite Competition,DTC,State,Individual,Not specified (state scheme),Gujarat,Sports & Culture,Drama;Competition;Artist;Theatre;Culture;Award,The scheme aims to promote theatrical arts and drama performances across Gujarat by organizing competitive events at divisional and state levels. Individual performers and theatre organizations receive cash prizes based on their performance rankings in state-level competitions.,,1.0,"Divisional Tripartite Competition. The scheme aims to promote theatrical arts and drama performances across Gujarat by organizing competitive events at divisional and state levels. Individual performers and theatre organizations receive cash prizes based on their performance rankings in state-level competitions. Category: Sports & Culture. Tags: Drama, Competition, Artist, Theatre, Culture, Award."
tnsfdcis,The NSFDC Internship Scheme,TNSFDCIS,Central,Individual,Ministry Of Social Justice and Empowerment,All,Education & Learning;Skills & Employment,Internship;Opportunity;Student;Skill Development,"""The NSFDC Internship Scheme 2024"" is implemented by the National Scheduled Castes Finance & Development Corporation, Ministry of Social Justice & Empowerment, Govt. of India. The internship will expose students to various programs & schemes undertaken by NSFDC, offering them hands-on experience in",,1.0,"The NSFDC Internship Scheme. ""The NSFDC Internship Scheme 2024"" is implemented by the National Scheduled Castes Finance & Development Corporation, Ministry of Social Justice & Empowerment, Govt. of India. The internship will expose students to various programs & schemes undertaken by NSFDC, offering them hands-on experience in Category: Education & Learning, Skills & Employment. Tags: Internship, Opportunity, Student, Skill Development."
sds-pbaocwwb,Skill Development Scheme (PBAOCWWB),SDS-PBAOCWWB,State,Individual,Not specified (state scheme),Puducherry,Skills & Employment,Skill;Training;Construction;Worker,"The Board is implementing this scheme by entering an MoU with M/s Labour Net Services Private Limited and M/s G&G Skill Developers Private Limited, to provide training to the Construction Workers enrolled as beneficiaries in the Board. The applications are accepted offline.",,1.0,"Skill Development Scheme (PBAOCWWB). The Board is implementing this scheme by entering an MoU with M/s Labour Net Services Private Limited and M/s G&G Skill Developers Private Limited, to provide training to the Construction Workers enrolled as beneficiaries in the Board. The applications are accepted offline. Category: Skills & Employment. Tags: Skill, Training, Construction, Worker."
mgjsmoss,Marang Gomke Jaipal Singh Munda Overseas Scholarship Scheme,MGJSMOSS,State,Individual,Not specified (state scheme),Jharkhand,Education & Learning,Student;Scholarship;Financial Assistance;Scheduled Tribes;Scheduled Castes;Minorities;Other Backward Classes,"The ""Marang Gomke Jaipal Singh Munda Overseas Scholarship Scheme"" provides financial assistance to deserving Scheduled Tribes, Scheduled Castes, Minorities, and Backward Class students for pursuing postgraduate education in top-ranked universities abroad.",,1.0,"Marang Gomke Jaipal Singh Munda Overseas Scholarship Scheme. The ""Marang Gomke Jaipal Singh Munda Overseas Scholarship Scheme"" provides financial assistance to deserving Scheduled Tribes, Scheduled Castes, Minorities, and Backward Class students for pursuing postgraduate education in top-ranked universities abroad. Category: Education & Learning. Tags: Student, Scholarship, Financial Assistance, Scheduled Tribes, Scheduled Castes, Minorities, Other Backward Classes."
kalia,Krushak Assistance For Livelihood And Income Augmentation,KALIA,State,Individual,Not specified (state scheme),Odisha,"Agriculture,Rural & Environment",KALIA;Farmers;Cultivators;Financial Assistance;Agriculture,"Through the implementation of Krushak Assistance for Livelihood and Income Augmentation - KALIA Scheme , the State Government aims to lend farmers with an all inclusive and flexible support system, ensuring accelerated agricultural prosperity.",,1.0,"Krushak Assistance For Livelihood And Income Augmentation. Through the implementation of Krushak Assistance for Livelihood and Income Augmentation - KALIA Scheme , the State Government aims to lend farmers with an all inclusive and flexible support system, ensuring accelerated agricultural prosperity. Category: Agriculture,Rural & Environment. Tags: KALIA, Farmers, Cultivators, Financial Assistance, Agriculture."
ptvsme,Prime Tourism Vehicle Scheme-Meghalaya,PTVSME,State,Individual,Not specified (state scheme),Meghalaya,Travel & Tourism;Transport & Infrastructure,Tourism;Vehicle;Tourist Guide;Training;Drivers,"The scheme boosts tourism by providing 50% financial assistance for adventure tourism vehicles, along with easy credit, operator training, and GPS and branding support.",,1.0,"Prime Tourism Vehicle Scheme-Meghalaya. The scheme boosts tourism by providing 50% financial assistance for adventure tourism vehicles, along with easy credit, operator training, and GPS and branding support. Category: Travel & Tourism, Transport & Infrastructure. Tags: Tourism, Vehicle, Tourist Guide, Training, Drivers."
pltgpa-eek,Providing Latest Technology to Group of Pottery Artisans (Energy Efficient Kiln),PLTGPA-EEK,State,Individual,Not specified (state scheme),Gujarat,Business & Entrepreneurship,Technology;Artisan;Pottery;Energy;Equipment;Kiln,"The scheme aims to provide latest technology and equipment to pottery artisans for better productivity, improved quality and reduce health risks. It provides 100% financial assistance for energy-efficient kilns to groups of registered clay artisans and potters in Gujarat state.",,1.0,"Providing Latest Technology to Group of Pottery Artisans (Energy Efficient Kiln). The scheme aims to provide latest technology and equipment to pottery artisans for better productivity, improved quality and reduce health risks. It provides 100% financial assistance for energy-efficient kilns to groups of registered clay artisans and potters in Gujarat state. Category: Business & Entrepreneurship. Tags: Technology, Artisan, Pottery, Energy, Equipment, Kiln."
igndpsm,Indira Gandhi National Disability Pension Scheme (Maharashtra),IGNDPSM,State,Individual,Not specified (state scheme),Maharashtra,Social welfare & Empowerment,Disability;Pension;PwD;Handicapped,"The ""Indira Gandhi National Disability Pension Scheme (Maharashtra)"" is implemented by the Social Justice & Special Assistance Dept., Govt. of Maharashtra. The differently-abled individuals aged 18 to 65 years with a disability of 80% and above are eligible to receive a pension of ₹600/- per month.",,1.0,"Indira Gandhi National Disability Pension Scheme (Maharashtra). The ""Indira Gandhi National Disability Pension Scheme (Maharashtra)"" is implemented by the Social Justice & Special Assistance Dept., Govt. of Maharashtra. The differently-abled individuals aged 18 to 65 years with a disability of 80% and above are eligible to receive a pension of ₹600/- per month. Category: Social welfare & Empowerment. Tags: Disability, Pension, PwD, Handicapped."
aimpwbdop,Award Of Incentive For Marriage Between Persons With Benchmark Disabilities & Other Person,AIMPWBDOP,State,Family,Not specified (state scheme),Odisha,Social welfare & Empowerment,Persons With Disability;Marriage,"This scheme was introduced in 2018 by the Department of Social Security & Empowerment of Persons with Disabilities, Government of Odisha. The scheme's goal is to help people with disabilities live normal and dignified lives and to encourage others to marry people with disabilities.",,2.0,"Award Of Incentive For Marriage Between Persons With Benchmark Disabilities & Other Person. This scheme was introduced in 2018 by the Department of Social Security & Empowerment of Persons with Disabilities, Government of Odisha. The scheme's goal is to help people with disabilities live normal and dignified lives and to encourage others to marry people with disabilities. Category: Social welfare & Empowerment. Tags: Persons With Disability, Marriage."
sndaygbocwwb,Shree Nanaji Deshmukh Awas Yojana (GBOCWWB),SNDAY(GBOCWWB),State,Family,Not specified (state scheme),Gujarat,Housing & Shelter,Awas;Building Worker;Construction Worker;Labour;Financial Assistance;House,"In urban areas, where EWS/LIG houses have been allotted by Local Self-Government Organization/Urban Development Authority & Gujarat Housing Board under Chief Minister/Prime Minister Awas Yojana, the benefit of this scheme is given once per family to construction worker registered in the board.",,2.0,"Shree Nanaji Deshmukh Awas Yojana (GBOCWWB). In urban areas, where EWS/LIG houses have been allotted by Local Self-Government Organization/Urban Development Authority & Gujarat Housing Board under Chief Minister/Prime Minister Awas Yojana, the benefit of this scheme is given once per family to construction worker registered in the board. Category: Housing & Shelter. Tags: Awas, Building Worker, Construction Worker, Labour, Financial Assistance, House."
freetablet,e-Adhigam Scheme - Free Tablet,E-ASFT,State,Individual,Not specified (state scheme),Haryana,Education & Learning,Free Tablet;Digital Learning;Education;Student;Smart Tablets,"This scheme was launched with objective of promoting digital education & providing online learning to children from poor & needy families, proving to be a boon for them. Under this scheme, free tablets are provided to students, enabling access to state-of-the-art software & learning materials.",,1.0,"e-Adhigam Scheme - Free Tablet. This scheme was launched with objective of promoting digital education & providing online learning to children from poor & needy families, proving to be a boon for them. Under this scheme, free tablets are provided to students, enabling access to state-of-the-art software & learning materials. Category: Education & Learning. Tags: Free Tablet, Digital Learning, Education, Student, Smart Tablets."
sebiitdip,SEBI ITD Internship Program,SEBIITDIP,Central,Individual,Ministry Of Finance,All,Education & Learning,Internship;Student;FinTech;Business;Data Analytics,The SEBI ITD Internship Program provides hands-on training to the students of the institutes based in and around Mumbai. The program accepts up to 15 interns. The Interns accepted under this program would be given an opportunity to work on different Information Technology (IT) projects.,,1.0,"SEBI ITD Internship Program. The SEBI ITD Internship Program provides hands-on training to the students of the institutes based in and around Mumbai. The program accepts up to 15 interns. The Interns accepted under this program would be given an opportunity to work on different Information Technology (IT) projects. Category: Education & Learning. Tags: Internship, Student, FinTech, Business, Data Analytics."
adasgbocwwb,Accidental Death Assistance Scheme (GBOCWWB),ADAS(GBOCWWB),State,Family,Not specified (state scheme),Gujarat,Social welfare & Empowerment,Accidental Death;Permanent Disability;Construction Worker;Building Worker;Heir;Financial Assistance,"Assistance shall be provided to the legal heirs of deceased construction workers, whether registered or unregistered with the Board, in the event of accidental death or permanent disability occurring during ongoing work at the construction site.",,2.0,"Accidental Death Assistance Scheme (GBOCWWB). Assistance shall be provided to the legal heirs of deceased construction workers, whether registered or unregistered with the Board, in the event of accidental death or permanent disability occurring during ongoing work at the construction site. Category: Social welfare & Empowerment. Tags: Accidental Death, Permanent Disability, Construction Worker, Building Worker, Heir, Financial Assistance."
iocfortc,Concession in Railway Travel,CRT,State,Individual,Not specified (state scheme),Tamil Nadu,Social welfare & Empowerment;Sports & Culture;Transport & Infrastructure,Artist;Travel;Railway;Culture,"The scheme ""Concession in Railway Travel"" was launched by the Dept. of Art & Culture, Tamil Nadu. Under the scheme, individual artists and troupes are allowed to travel in the train on concession by the Railways. A concession certificate will be issued by Mandram.",,1.0,"Concession in Railway Travel. The scheme ""Concession in Railway Travel"" was launched by the Dept. of Art & Culture, Tamil Nadu. Under the scheme, individual artists and troupes are allowed to travel in the train on concession by the Railways. A concession certificate will be issued by Mandram. Category: Social welfare & Empowerment, Sports & Culture, Transport & Infrastructure. Tags: Artist, Travel, Railway, Culture."
mcyuk,Mukhyamantri Chhaatrvrtti Yojana,MCYUK,State,Individual,Not specified (state scheme),Uttarakhand,Education & Learning,Scholarship;Higher Education;NCC,"The scheme aims to support eligible NCC cadets through financial incentives to encourage continued participation in education and NCC training. Under this scheme, scholarship amounts ranging from ₹600/- to ₹2,400/- are provided annually to eligible NCC cadets at group and unit levels.",,1.0,"Mukhyamantri Chhaatrvrtti Yojana. The scheme aims to support eligible NCC cadets through financial incentives to encourage continued participation in education and NCC training. Under this scheme, scholarship amounts ranging from ₹600/- to ₹2,400/- are provided annually to eligible NCC cadets at group and unit levels. Category: Education & Learning. Tags: Scholarship, Higher Education, NCC."
pmsfbcs,Pre-Matric Scholarship for Backward Class Students,PMSFBCS,State,Individual,Not specified (state scheme),Madhya Pradesh,Education & Learning,Financial Assistance;Backward Class;Student;Education;School,"The scheme ""Pre-Matric Scholarship for Backward Class Students"" aims to provide financial assistance to backward class students studying at the pre-matriculation level in India. Monthly scholarships of varying amounts are provided to eligible students.",,1.0,"Pre-Matric Scholarship for Backward Class Students. The scheme ""Pre-Matric Scholarship for Backward Class Students"" aims to provide financial assistance to backward class students studying at the pre-matriculation level in India. Monthly scholarships of varying amounts are provided to eligible students. Category: Education & Learning. Tags: Financial Assistance, Backward Class, Student, Education, School."
tdfs,Technology Development Fund (TDF) Scheme,TDFS,Central,Infra,Ministry Of Defence,All,Business & Entrepreneurship,Defence Technology;Financial Assistance;Defence Applications;MSMEs And Startups,Technology Development Fund (TDF) has been established to promote self-reliance in Defence Technology as a part of the 'Make in India' initiative.,,3.0,"Technology Development Fund (TDF) Scheme. Technology Development Fund (TDF) has been established to promote self-reliance in Defence Technology as a part of the 'Make in India' initiative. Category: Business & Entrepreneurship. Tags: Defence Technology, Financial Assistance, Defence Applications, MSMEs And Startups."
nsbgs,NEC Stipend And Book Grant Scheme,NSBGS,State,Individual,Not specified (state scheme),Nagaland,Education & Learning,NEC Stipend;Book Grant;Nagaland;Fellowship,"The scheme aims to promote national integration, global understanding, social responsibility, and encourage scientific, imaginative, and innovative thinking among students.",,1.0,"NEC Stipend And Book Grant Scheme. The scheme aims to promote national integration, global understanding, social responsibility, and encourage scientific, imaginative, and innovative thinking among students. Category: Education & Learning. Tags: NEC Stipend, Book Grant, Nagaland, Fellowship."
fappesm,Financial Assistance to Para/Tetra/Hemi Plegic Ex-Servicemen,FAPPESM,State,Individual,Not specified (state scheme),Haryana,Social welfare & Empowerment,Financial Assistance;Para Plegic;Tetra Plegic;Hemi Plegic;Ex-Serviceman,"Under the scheme, financial assistance of ₹3,000/- per month shall be granted to Paraplegic, Tetraplegic, and Hemiplegic Ex-Servicemen who are bonafide residents of Haryana State and are not in receipt of any kind of financial assistance from any department of the Haryana Government.",,1.0,"Financial Assistance to Para/Tetra/Hemi Plegic Ex-Servicemen. Under the scheme, financial assistance of ₹3,000/- per month shall be granted to Paraplegic, Tetraplegic, and Hemiplegic Ex-Servicemen who are bonafide residents of Haryana State and are not in receipt of any kind of financial assistance from any department of the Haryana Government. Category: Social welfare & Empowerment. Tags: Financial Assistance, Para Plegic, Tetra Plegic, Hemi Plegic, Ex-Serviceman."
rvp,Rashtriya Vigyan Puraskar,RVP,Central,Individual,Ministry Of Science And Technology,All,"Science, IT & Communications",Science;Technology;Scientists;Awards;Development,"The objective of the Rashtriya Vigyan Puraskar (RVP) is to recognise the notable and inspiring contribution made by the scientists, technologists and innovators individually or in teams in various fields of science, technology and technology- led innovation.",,1.0,"Rashtriya Vigyan Puraskar. The objective of the Rashtriya Vigyan Puraskar (RVP) is to recognise the notable and inspiring contribution made by the scientists, technologists and innovators individually or in teams in various fields of science, technology and technology- led innovation. Category: Science, IT & Communications. Tags: Science, Technology, Scientists, Awards, Development."
ha,Housing Assistance (Madhya Pradesh),HA,State,Individual,Not specified (state scheme),Madhya Pradesh,Housing & Shelter,Student;Hostel;Higher Education;Housing,"The scheme ""Housing Assistance (Madhya Pradesh)"" by the Tribal Welfare and Scheduled Caste (SC) Department, Government of Madhya Pradesh, provides housing support to tribal boys and girls pursuing higher education outside their hometown, where hostels are not available.",,1.0,"Housing Assistance (Madhya Pradesh). The scheme ""Housing Assistance (Madhya Pradesh)"" by the Tribal Welfare and Scheduled Caste (SC) Department, Government of Madhya Pradesh, provides housing support to tribal boys and girls pursuing higher education outside their hometown, where hostels are not available. Category: Housing & Shelter. Tags: Student, Hostel, Higher Education, Housing."
sdsc18,Scholarship to Divyang Students (Class 1 to 8),SDSC18,State,Individual,Not specified (state scheme),Uttarakhand,Education & Learning,Scholarship;Student;PwD;Disabled Student,"The scheme aims to provide financial assistance of ₹600/- for students in Class 1 to 5 and ₹960/- for students in Class 6 to 8, to regularly enrolled disable students.",,1.0,"Scholarship to Divyang Students (Class 1 to 8). The scheme aims to provide financial assistance of ₹600/- for students in Class 1 to 5 and ₹960/- for students in Class 6 to 8, to regularly enrolled disable students. Category: Education & Learning. Tags: Scholarship, Student, PwD, Disabled Student."
sksvy,Sagar Khedu Sarvangi Vikas Yojana,SKSVY,State,Infra,Not specified (state scheme),Gujarat,"Transport & Infrastructure;Agriculture,Rural & Environment;Utility & Sanitation",Power;Infrastructure;Coastal;Electricity;Consumer;Farmer,"The scheme aims to improve power infrastructure in coastal taluks by addressing corrosion issues, ensuring adequate voltage, and continuous electricity supply. Benefits include reduction in motor burnout, prevention of industrial losses, and providing new agricultural electricity connections.",,3.0,"Sagar Khedu Sarvangi Vikas Yojana. The scheme aims to improve power infrastructure in coastal taluks by addressing corrosion issues, ensuring adequate voltage, and continuous electricity supply. Benefits include reduction in motor burnout, prevention of industrial losses, and providing new agricultural electricity connections. Category: Transport & Infrastructure, Agriculture,Rural & Environment, Utility & Sanitation. Tags: Power, Infrastructure, Coastal, Electricity, Consumer, Farmer."
deswinternship,DESW Internship Scheme,DESWINTERNSHIP,Central,Individual,Ministry Of Defence,All,Skills & Employment,Ex-Servicemen;Research;Graduate;Postgraduate;Students;Indian Youth;Interns,"The scheme aims to engage Indian Youth as interns to gain firsthand experience and understanding of welfare, healthcare, resettlement, and administrative schemes meant for Ex-Servicemen.",,1.0,"DESW Internship Scheme. The scheme aims to engage Indian Youth as interns to gain firsthand experience and understanding of welfare, healthcare, resettlement, and administrative schemes meant for Ex-Servicemen. Category: Skills & Employment. Tags: Ex-Servicemen, Research, Graduate, Postgraduate, Students, Indian Youth, Interns."
hposec,Haryana Provision of Sports Equipment Scheme,HPOSEC,State,Infra,Not specified (state scheme),Haryana,Sports & Culture;Business & Entrepreneurship,Equipment;Panchayat;Grant;Sports,"""Haryana Provision of Sports Equipment Scheme"" by the Sports Dept, Government of Haryana provides sports equipment to Gram Panchayats and Municipal bodies to encourage youngsters in the state towards sports such as Volleyball, Football, Basketball, Handball, Boxing, Wrestling, Judo, Cricket, etc.",,3.0,"Haryana Provision of Sports Equipment Scheme. ""Haryana Provision of Sports Equipment Scheme"" by the Sports Dept, Government of Haryana provides sports equipment to Gram Panchayats and Municipal bodies to encourage youngsters in the state towards sports such as Volleyball, Football, Basketball, Handball, Boxing, Wrestling, Judo, Cricket, etc. Category: Sports & Culture, Business & Entrepreneurship. Tags: Equipment, Panchayat, Grant, Sports."
kpymp,Khiladi Protsahan Yojana,KPYMP,State,Family,Not specified (state scheme),Madhya Pradesh,Sports & Culture;Social welfare & Empowerment,Sports;Financial Assistance;Labour;Social Welfare,"In 2017, the Madhya Pradesh Labour Department initiated the Khilaadee Protsaahan Yojana to provide financial assistance to players.",,2.0,"Khiladi Protsahan Yojana. In 2017, the Madhya Pradesh Labour Department initiated the Khilaadee Protsaahan Yojana to provide financial assistance to players. Category: Sports & Culture, Social welfare & Empowerment. Tags: Sports, Financial Assistance, Labour, Social Welfare."
ignwpsmp,Indira Gandhi National Widow Pension Scheme-Madhya Pradesh,IGNWPSMP,State,Individual,Not specified (state scheme),Madhya Pradesh,Social welfare & Empowerment,Women;Empowerment;Widow;Pension,The Indira Gandhi National Widow Pension Scheme is being operated to provide financial support to widowed women living below the poverty line.,,1.0,"Indira Gandhi National Widow Pension Scheme-Madhya Pradesh. The Indira Gandhi National Widow Pension Scheme is being operated to provide financial support to widowed women living below the poverty line. Category: Social welfare & Empowerment. Tags: Women, Empowerment, Widow, Pension."
trsp,Tiatr Research Scholarship Program,TRSP,State,Individual,Not specified (state scheme),Goa,Education & Learning;Sports & Culture,Student;Research;Scholarship;Culture;Education,"The scheme aims to encourage college and university students to undertake research in Tiatr, its song, and music. It provides scholarships and publication opportunities for research work, targeting students pursuing Graduation, Post-Graduation, and PhD studies.",,1.0,"Tiatr Research Scholarship Program. The scheme aims to encourage college and university students to undertake research in Tiatr, its song, and music. It provides scholarships and publication opportunities for research work, targeting students pursuing Graduation, Post-Graduation, and PhD studies. Category: Education & Learning, Sports & Culture. Tags: Student, Research, Scholarship, Culture, Education."
ddugavyuk,Deen Dayal Upadhyaya Grah Aawas (Home-Stay) Vikas Yojana,DDUGAVY,State,Individual,Not specified (state scheme),Uttarakhand,Travel & Tourism;Housing & Shelter,Homestay;Tourism;Subsidy;Loan;Construction Of Houses,"The scheme aims to promote rural and eco-tourism by encouraging local residents to develop homestay facilities, thereby generating employment and income opportunities within the state.",,1.0,"Deen Dayal Upadhyaya Grah Aawas (Home-Stay) Vikas Yojana. The scheme aims to promote rural and eco-tourism by encouraging local residents to develop homestay facilities, thereby generating employment and income opportunities within the state. Category: Travel & Tourism, Housing & Shelter. Tags: Homestay, Tourism, Subsidy, Loan, Construction Of Houses."
cbsp-ep,Capacity Building For Service Providers - Entrepreneurship Programme,CBSP-EP,Central,,Ministry Of Tourism,All,Skills & Employment,Entrepreneurship;Training;Skill,"The scheme ""Entrepreneurship Programme"" is a Suo-Moto Sub-Scheme of the Ministry of Tourism under the Umbrella Scheme of ""Capacity Building for Service Providers"". In this scheme financial assistance is provided to the institutes (given below) to conduct entrepreneurship development programs.",,,"Capacity Building For Service Providers - Entrepreneurship Programme. The scheme ""Entrepreneurship Programme"" is a Suo-Moto Sub-Scheme of the Ministry of Tourism under the Umbrella Scheme of ""Capacity Building for Service Providers"". In this scheme financial assistance is provided to the institutes (given below) to conduct entrepreneurship development programs. Category: Skills & Employment. Tags: Entrepreneurship, Training, Skill."
ssboscbpbs,Scheme for Small Business Owners of Scheduled Castes to Buy a Place of Business/Shop,SSBOSCBPBS,State,Individual,Not specified (state scheme),Gujarat,"Banking,Financial Services and Insurance;Business & Entrepreneurship",Scheduled Caste;Business Development;Shop;Business Premise;Loan;Subsidy,"Under the scheme, financial assistance in the form of loans and subsidies is provided by banks to individuals belonging to the Scheduled Castes category. This assistance is aimed at enabling them to purchase business premises or shops in urban areas for business development.",,1.0,"Scheme for Small Business Owners of Scheduled Castes to Buy a Place of Business/Shop. Under the scheme, financial assistance in the form of loans and subsidies is provided by banks to individuals belonging to the Scheduled Castes category. This assistance is aimed at enabling them to purchase business premises or shops in urban areas for business development. Category: Banking,Financial Services and Insurance, Business & Entrepreneurship. Tags: Scheduled Caste, Business Development, Shop, Business Premise, Loan, Subsidy."
assgsdra,Attendance Scholarship Scheme for Girl Students with Disabilities of Rural Areas,ASSGSDRA,State,Individual,Not specified (state scheme),Punjab,Education & Learning;Women and Child,Attendance;Scholarship;Girl Student;Disability;PwD;Rural Area,The objective of this scheme is to uplift the status of the girls with disabilities in the rural areas & also to make them reliant by paying incentives in the form of Attendance Scholarship to these girls.,,1.0,"Attendance Scholarship Scheme for Girl Students with Disabilities of Rural Areas. The objective of this scheme is to uplift the status of the girls with disabilities in the rural areas & also to make them reliant by paying incentives in the form of Attendance Scholarship to these girls. Category: Education & Learning, Women and Child. Tags: Attendance, Scholarship, Girl Student, Disability, PwD, Rural Area."
flalsac,Free Legal Aid under the Legal Services Authority Act 1987,FLALSAA,State,Individual,Not specified (state scheme),Uttarakhand,"Public Safety,Law & Justice",Free Legal Aid;Court Cases;Legal Service;Justice,"The scheme aims to provide free legal aid to all eligible persons in Uttarakhand who intend to file a case, have already filed a case, or need to defend a case under the provisions of the Legal Services Authority Act, 1987.",,1.0,"Free Legal Aid under the Legal Services Authority Act 1987. The scheme aims to provide free legal aid to all eligible persons in Uttarakhand who intend to file a case, have already filed a case, or need to defend a case under the provisions of the Legal Services Authority Act, 1987. Category: Public Safety,Law & Justice. Tags: Free Legal Aid, Court Cases, Legal Service, Justice."
pmegp,Prime Minister's Employment Generation Programme,PMEGP,Central,Infra,"Ministry Of Micro, Small and Medium Enterprises",All,"Business & Entrepreneurship;Banking,Financial Services and Insurance;Social welfare & Empowerment;Skills & Employment",Financial Assistance;Loan;Entrepreneur;Projects;Micro Enterprises,"Launched in August 2008, Prime Minister's Employment Generation Programme (PMEGP) is a credit-linked subsidy scheme, administered by the Ministry of Micro, Small and Medium Enterprises (MSME). PMEGP aims to generate employment opportunities through the establishment of micro-enterprises in",,3.0,"Prime Minister's Employment Generation Programme. Launched in August 2008, Prime Minister's Employment Generation Programme (PMEGP) is a credit-linked subsidy scheme, administered by the Ministry of Micro, Small and Medium Enterprises (MSME). PMEGP aims to generate employment opportunities through the establishment of micro-enterprises in Category: Business & Entrepreneurship, Banking,Financial Services and Insurance, Social welfare & Empowerment, Skills & Employment. Tags: Financial Assistance, Loan, Entrepreneur, Projects, Micro Enterprises."
rgsry,Rajiv Gandhi Swavlamban Rojgar Yojna,RGSRY,State,Individual,Not specified (state scheme),Delhi,"Business & Entrepreneurship;Banking,Financial Services and Insurance",Employment;Youths;Artisans;Trained Professionals;Skilled Technocrats;Entrepreneurs,"“Rajiv Gandhi Swavlamban Rozgar Yojna” has been designed, developed, and promoted by the Delhi Khadi & Village Industries Board, with the help of the Government of NCT of Delhi, to provide employment opportunities.",,1.0,"Rajiv Gandhi Swavlamban Rojgar Yojna. “Rajiv Gandhi Swavlamban Rozgar Yojna” has been designed, developed, and promoted by the Delhi Khadi & Village Industries Board, with the help of the Government of NCT of Delhi, to provide employment opportunities. Category: Business & Entrepreneurship, Banking,Financial Services and Insurance. Tags: Employment, Youths, Artisans, Trained Professionals, Skilled Technocrats, Entrepreneurs."
hssgbocwwb,Housing Subsidy Scheme (GBOCWWB),HSS(GBOCWWB),State,Individual,Not specified (state scheme),Gujarat,Housing & Shelter,Building Worker;Construction Worker;Labour;House;Financial Assistance;Loan,The main objective of this scheme is to provide financial assistance to construction workers registered with the Gujarat Building and Other Construction Worker’s Welfare Board to build their own houses.,,1.0,"Housing Subsidy Scheme (GBOCWWB). The main objective of this scheme is to provide financial assistance to construction workers registered with the Gujarat Building and Other Construction Worker’s Welfare Board to build their own houses. Category: Housing & Shelter. Tags: Building Worker, Construction Worker, Labour, House, Financial Assistance, Loan."
gtcptsliu,Gujarat Textile Policy: Power Tariff Subsidy (Fiscal Incentives to Labour Intensive Unit),GTCPTSLIU,State,Infra,Not specified (state scheme),Gujarat,Business & Entrepreneurship,Business;Entrepreneurship;MSMEs;Textile Industry;Labour Intensive Unit,"The ""Gujarat Textile Policy"" introduced by the Industries and Mines Department aims to create a vibrant Textile Sector ecosystem and generate enormous employment opportunities in the State.",,3.0,"Gujarat Textile Policy: Power Tariff Subsidy (Fiscal Incentives to Labour Intensive Unit). The ""Gujarat Textile Policy"" introduced by the Industries and Mines Department aims to create a vibrant Textile Sector ecosystem and generate enormous employment opportunities in the State. Category: Business & Entrepreneurship. Tags: Business, Entrepreneurship, MSMEs, Textile Industry, Labour Intensive Unit."
big,Biotechnology Ignition Grant Scheme,BIG,Central,Individual,Ministry Of Science And Technology,All,Business & Entrepreneurship,Biotechnology;Ignition Grant;BIRAC;BIG;Entrepreneur;Start-up,The “Biotechnology Ignition Grant Scheme (BIG)” is a flagship scheme of BIRAC which recognizes and invests in innovative ideas in the biotech sector. BIG scheme supports individual entrepreneurs/ start-ups from ideation to Proof of Concept.,,1.0,"Biotechnology Ignition Grant Scheme. The “Biotechnology Ignition Grant Scheme (BIG)” is a flagship scheme of BIRAC which recognizes and invests in innovative ideas in the biotech sector. BIG scheme supports individual entrepreneurs/ start-ups from ideation to Proof of Concept. Category: Business & Entrepreneurship. Tags: Biotechnology, Ignition Grant, BIRAC, BIG, Entrepreneur, Start-up."
mpngigs,Madhya Pradesh Non-Government Institution Grant Scheme,MPNGIGS,State,Infra,Not specified (state scheme),Madhya Pradesh,Education & Learning;Sports & Culture,Financial Assistance;Non-government Institution;Cultural;Art;Literature,"The scheme aims to support non-government cultural institutions by providing financial grants for cultural activities, training, equipment, and events.",,3.0,"Madhya Pradesh Non-Government Institution Grant Scheme. The scheme aims to support non-government cultural institutions by providing financial grants for cultural activities, training, equipment, and events. Category: Education & Learning, Sports & Culture. Tags: Financial Assistance, Non-government Institution, Cultural, Art, Literature."
mpds,Male Pig Distribution Scheme,MPDS,State,,Not specified (state scheme),Chhattisgarh,"Agriculture,Rural & Environment",Animal;Scheduled Castes;Scheduled Tribes;Male Pig,"The ""Male Pig Distribution Scheme"", under the Animal Husbandry Department, Government of Chhattisgarh, provides a grant to beneficiaries from the SC/ST category for purchasing one male pig of an improved breed (Middle White Yorkshire).",,,"Male Pig Distribution Scheme. The ""Male Pig Distribution Scheme"", under the Animal Husbandry Department, Government of Chhattisgarh, provides a grant to beneficiaries from the SC/ST category for purchasing one male pig of an improved breed (Middle White Yorkshire). Category: Agriculture,Rural & Environment. Tags: Animal, Scheduled Castes, Scheduled Tribes, Male Pig."
oapspbocwwb,Old Age Pension Scheme (P.B.O.C.W.W.B),OAPSPBOCWWB,State,Individual,Not specified (state scheme),Punjab,Social welfare & Empowerment,Labour;Building Worker;Construction Worker;Old Age Pension;Senior Citizen,"The ""Old Age Pension Scheme'' by the BOCW Welfare Board, Department of Labour, Punjab, is a welfare scheme that provides pension to registered construction workers aged above 60 years and have completed 3 years of membership with the Board.",,1.0,"Old Age Pension Scheme (P.B.O.C.W.W.B). The ""Old Age Pension Scheme'' by the BOCW Welfare Board, Department of Labour, Punjab, is a welfare scheme that provides pension to registered construction workers aged above 60 years and have completed 3 years of membership with the Board. Category: Social welfare & Empowerment. Tags: Labour, Building Worker, Construction Worker, Old Age Pension, Senior Citizen."
faptchbocwwb,Financial Assistance for Professional/Technical Courses (HBOCWWB),FAPTCHBOCWWB,State,Family,Not specified (state scheme),Haryana,Education & Learning,Building Worker;Construction Worker;Labour;Student;Financial Assistance;Professional Course;Technical Course,"This scheme is implemented by the Haryana Building and Other Construction Workers Welfare Board, Labour Department Haryana. Under this scheme, the full educational expenses of the children of registered workers in professional/technical courses are reimbursed by the Board.",,2.0,"Financial Assistance for Professional/Technical Courses (HBOCWWB). This scheme is implemented by the Haryana Building and Other Construction Workers Welfare Board, Labour Department Haryana. Under this scheme, the full educational expenses of the children of registered workers in professional/technical courses are reimbursed by the Board. Category: Education & Learning. Tags: Building Worker, Construction Worker, Labour, Student, Financial Assistance, Professional Course, Technical Course."
sangch,Sathya Ammaiyar Ninaivu Government Children Homes,SANGCH,State,Individual,Not specified (state scheme),Tamil Nadu,Social welfare & Empowerment;Women and Child,Children;Food;Clothes;Shelter;Social Welfare,"The ""Sathya Ammaiyar Ninaivu Government Children Homes"" was launched by the Social Welfare and Nutritious Meal Programme Department, Government of Tamil Nadu. The scheme aims to provide education to destitute, deserted and abandoned children by giving free food, clothing, shelter and medical care.",,1.0,"Sathya Ammaiyar Ninaivu Government Children Homes. The ""Sathya Ammaiyar Ninaivu Government Children Homes"" was launched by the Social Welfare and Nutritious Meal Programme Department, Government of Tamil Nadu. The scheme aims to provide education to destitute, deserted and abandoned children by giving free food, clothing, shelter and medical care. Category: Social welfare & Empowerment, Women and Child. Tags: Children, Food, Clothes, Shelter, Social Welfare."
rkvyshfshc,RKVY Soil Health and Fertility - Soil Health Card,RKVYSHFSHC,Central,Individual,Ministry Of Agriculture and Farmers Welfare,All,"Agriculture,Rural & Environment",Soil Health;INM;Soil Testing;Farmer;RKVY,"Soil Health Card is designed to give each farmer soil nutrient status of his/her holding and advice him/her on the dosage of fertilizers and also the needed soil amendments, that s/he should apply to maintain soil health in the long run.",,1.0,"RKVY Soil Health and Fertility - Soil Health Card. Soil Health Card is designed to give each farmer soil nutrient status of his/her holding and advice him/her on the dosage of fertilizers and also the needed soil amendments, that s/he should apply to maintain soil health in the long run. Category: Agriculture,Rural & Environment. Tags: Soil Health, INM, Soil Testing, Farmer, RKVY."
mranmas-ii,Moovalur Ramamirtham Ammaiyar Ninaivu Marriage Assistance Scheme - II,MRANMAS-II,State,Family,Not specified (state scheme),Tamil Nadu,Social welfare & Empowerment;Women and Child,Marriage;Financial Assistance;Daughter;Gold,"The scheme ""Moovalur Ramamirtham Ammaiyar Ninaivu Marriage Assistance Scheme - II"" was launched by the Social Welfare and Nutritious Meal Programme Department, Government of Tamil Nadu. The scheme aims to assist poor parents in getting their daughters married & to promote education status.",,2.0,"Moovalur Ramamirtham Ammaiyar Ninaivu Marriage Assistance Scheme - II. The scheme ""Moovalur Ramamirtham Ammaiyar Ninaivu Marriage Assistance Scheme - II"" was launched by the Social Welfare and Nutritious Meal Programme Department, Government of Tamil Nadu. The scheme aims to assist poor parents in getting their daughters married & to promote education status. Category: Social welfare & Empowerment, Women and Child. Tags: Marriage, Financial Assistance, Daughter, Gold."
msvss,Meritorious Scholarships To Vjnt And Sbc Students Studying In Secondary Schools,Msvss,State,Individual,Not specified (state scheme),Maharashtra,Social welfare & Empowerment,Students;Vimukta Jati And Nomadic Tribes;Special Backward Class;Scholarship,The government of Maharashtra introduced the scheme of meritorious Scholarships to VJNT and SBC students studying in Secondary Schools. To motivate Backward Class students for education.,,1.0,"Meritorious Scholarships To Vjnt And Sbc Students Studying In Secondary Schools. The government of Maharashtra introduced the scheme of meritorious Scholarships to VJNT and SBC students studying in Secondary Schools. To motivate Backward Class students for education. Category: Social welfare & Empowerment. Tags: Students, Vimukta Jati And Nomadic Tribes, Special Backward Class, Scholarship."
nikshay,Nikshay Poshan Yojana,NIKSHAY,Central,Individual,Ministry Of Health & Family Welfare,All,Health & Wellness,Tuberculosis;Health;Financial Assistance,"Ministry of Health and Family Welfare, Government of India has announced the scheme for incentives for nutritional support to TB patients. This scheme will be called “Nikshay Poshan Yojana”.",,1.0,"Nikshay Poshan Yojana. Ministry of Health and Family Welfare, Government of India has announced the scheme for incentives for nutritional support to TB patients. This scheme will be called “Nikshay Poshan Yojana”. Category: Health & Wellness. Tags: Tuberculosis, Health, Financial Assistance."
masglwb,Maternity Assistance Scheme- Gujarat Labour Welfare Board,MASGLWB,State,Individual,Not specified (state scheme),Gujarat,Social welfare & Empowerment;Women and Child,Maternity;Woman;Financial Assistance;Organized Worker;Industrial Worker,"The scheme provides financial assistance to female workers and the wives of workers to cover expenses incurred for health check-ups, medicine, nutritious diet, etc., during the maternity period.",,1.0,"Maternity Assistance Scheme- Gujarat Labour Welfare Board. The scheme provides financial assistance to female workers and the wives of workers to cover expenses incurred for health check-ups, medicine, nutritious diet, etc., during the maternity period. Category: Social welfare & Empowerment, Women and Child. Tags: Maternity, Woman, Financial Assistance, Organized Worker, Industrial Worker."
gshtn,Government Service Home - Tamil Nadu,GSH-TN,State,Individual,Not specified (state scheme),Tamil Nadu,Women and Child;Social welfare & Empowerment;Housing & Shelter,Home;Women;Destitute;Deserted;Girl;Food;Education,"The scheme ""Government Service Home"" was launched by the Social Welfare and Women Empowerment Department, Government of Tamil Nadu. The scheme aims to provide institutional care to widows, destitute women, deserted women, adolescent girls and differently-abled women and their children.",,1.0,"Government Service Home - Tamil Nadu. The scheme ""Government Service Home"" was launched by the Social Welfare and Women Empowerment Department, Government of Tamil Nadu. The scheme aims to provide institutional care to widows, destitute women, deserted women, adolescent girls and differently-abled women and their children. Category: Women and Child, Social welfare & Empowerment, Housing & Shelter. Tags: Home, Women, Destitute, Deserted, Girl, Food, Education."
nss,Nishadraj Scholarship Scheme,NSS,State,Individual,Not specified (state scheme),Madhya Pradesh,"Education & Learning;Agriculture,Rural & Environment",Fish Farmer;Children;Higher Education;Scholarship;Student,"The scheme aims to promote higher education among children of fisher families working in federation reservoirs by providing scholarships of up to ₹20,000 for technical courses and up to ₹10,000 for non-technical courses.",,1.0,"Nishadraj Scholarship Scheme. The scheme aims to promote higher education among children of fisher families working in federation reservoirs by providing scholarships of up to ₹20,000 for technical courses and up to ₹10,000 for non-technical courses. Category: Education & Learning, Agriculture,Rural & Environment. Tags: Fish Farmer, Children, Higher Education, Scholarship, Student."
afaesp,Assistance for Area Expansion of Spice Crops,AFAESP,State,Individual,Not specified (state scheme),Gujarat,"Agriculture,Rural & Environment",Spice Crop;Agriculture;Area Expansion Farming;Seed Spices,"The scheme provides financial assistance to farmers for the area expansion of spice crops, including seed and rhizomatic spices, to enhance spice production in Gujarat.",,1.0,"Assistance for Area Expansion of Spice Crops. The scheme provides financial assistance to farmers for the area expansion of spice crops, including seed and rhizomatic spices, to enhance spice production in Gujarat. Category: Agriculture,Rural & Environment. Tags: Spice Crop, Agriculture, Area Expansion Farming, Seed Spices."
nclp,Nehru Child Literature Prize,NCLP,State,Individual,Not specified (state scheme),Puducherry,Skills & Employment;Social welfare & Empowerment,Financial Assistance;Author;Publication;Books,"The Arts and Culture Department of Puducherry launched the ""Nehru Child Literature Prize"" scheme for authors/writers. Financial assistance with a certificate will be provided for their contribution to children's literature books published in Tamil.",,1.0,"Nehru Child Literature Prize. The Arts and Culture Department of Puducherry launched the ""Nehru Child Literature Prize"" scheme for authors/writers. Financial assistance with a certificate will be provided for their contribution to children's literature books published in Tamil. Category: Skills & Employment, Social welfare & Empowerment. Tags: Financial Assistance, Author, Publication, Books."
saipispss,West Bengal Incentive Scheme for Approved Industrial Park (SAIP) for MSMEs: Incentive for Setting up a Power Sub Station,SAIPISPSS,State,Infra,Not specified (state scheme),West Bengal,Business & Entrepreneurship,Entrepreneurship;MSMEs;Incentives;Incentives;Non-Fiscal Incentives,"The “Incentive for Setting up a Power Sub Station” under the “SAIP for MSMEs” scheme, facilitates the Private Industrial Park in the provision of quality power.",2025-09-15,3.0,"West Bengal Incentive Scheme for Approved Industrial Park (SAIP) for MSMEs: Incentive for Setting up a Power Sub Station. The “Incentive for Setting up a Power Sub Station” under the “SAIP for MSMEs” scheme, facilitates the Private Industrial Park in the provision of quality power. Category: Business & Entrepreneurship. Tags: Entrepreneurship, MSMEs, Incentives, Incentives, Non-Fiscal Incentives."
cls,Composite Loan Scheme,CLS,State,Individual,Not specified (state scheme),Delhi,Business & Entrepreneurship,Loan;Employment;Entrepreneurship;Scheduled Caste;Scheduled Tribe;Minority;Disability,"""Composite Loan Scheme"" aims to provide need-based financial support to individuals from Scheduled Castes, Scheduled Tribes, Other Backward Classes, Minorities, and PwDs to help them pursue various income-generating activities. The scheme encourages self-employment and entrepreneurship.",,1.0,"Composite Loan Scheme. ""Composite Loan Scheme"" aims to provide need-based financial support to individuals from Scheduled Castes, Scheduled Tribes, Other Backward Classes, Minorities, and PwDs to help them pursue various income-generating activities. The scheme encourages self-employment and entrepreneurship. Category: Business & Entrepreneurship. Tags: Loan, Employment, Entrepreneurship, Scheduled Caste, Scheduled Tribe, Minority, Disability."
gopinath-munde-shetkari-apghat-suraksha-sanugrah-audhan-yojana,Gopinath Munde Shetkari Apghat Suraksha Sanugrah Audhan Yojana,GOPINATH MUNDE SHETKARI APGHAT SURAKSHA SANUGRAH AUDHAN YOJANA,State,Family,Not specified (state scheme),Maharashtra,"Agriculture,Rural & Environment",Compensation;Person With Disability;General;Direct Benefit Transfer;Assistance;Farmer,In order to give financial support to the aggrieved family members of the ill-fated farmers the State Govt. has provided accident claim cover through Gopinath Munde Shetkari Apghat Suraksha Sanugrah Audhan Yojana in the year 2023-24.,,2.0,"Gopinath Munde Shetkari Apghat Suraksha Sanugrah Audhan Yojana. In order to give financial support to the aggrieved family members of the ill-fated farmers the State Govt. has provided accident claim cover through Gopinath Munde Shetkari Apghat Suraksha Sanugrah Audhan Yojana in the year 2023-24. Category: Agriculture,Rural & Environment. Tags: Compensation, Person With Disability, General, Direct Benefit Transfer, Assistance, Farmer."
ckpkn,Appointment of Contract Sports Coaches,ACSC,State,Individual,Not specified (state scheme),Uttarakhand,Sports & Culture;Skills & Employment,Sports;Employment;Coach;Sports Trainer,"The scheme facilitates the annual appointment of contract-based sports coaches to conduct various local training camps across Uttarakhand, thereby promoting employment opportunities and strengthening the state’s grassroots sports infrastructure.",,1.0,"Appointment of Contract Sports Coaches. The scheme facilitates the annual appointment of contract-based sports coaches to conduct various local training camps across Uttarakhand, thereby promoting employment opportunities and strengthening the state’s grassroots sports infrastructure. Category: Sports & Culture, Skills & Employment. Tags: Sports, Employment, Coach, Sports Trainer."
ssyuk,Samaaveshit Shiksha,SVSUK,State,Individual,Not specified (state scheme),Uttarakhand,Education & Learning,Inclusive Education;Divyang Student;Differently Abled;Assistive Devices;Samagra Shiksha,The scheme aims to provide equal and inclusive educational opportunities to all children with special needs (Divyang children) studying in government schools from Classes 1 to 12.,,1.0,"Samaaveshit Shiksha. The scheme aims to provide equal and inclusive educational opportunities to all children with special needs (Divyang children) studying in government schools from Classes 1 to 12. Category: Education & Learning. Tags: Inclusive Education, Divyang Student, Differently Abled, Assistive Devices, Samagra Shiksha."
awvsssi,Award Of Stipend To VJNT And SBC Students Studying In ITI,AWVSSSI,State,Individual,Not specified (state scheme),Maharashtra,Social welfare & Empowerment,Vimukta Jati Nomadic Tribes;Special Backward Class;Technical Education;ITI,The Government of Maharashtra launched a scheme that provides to encourage Vimukta Jati and Nomadic Tribes (V.J.N.T.) & Special Backward Class (S.B.C.) students and promote the interest in Technical education.,,1.0,"Award Of Stipend To VJNT And SBC Students Studying In ITI. The Government of Maharashtra launched a scheme that provides to encourage Vimukta Jati and Nomadic Tribes (V.J.N.T.) & Special Backward Class (S.B.C.) students and promote the interest in Technical education. Category: Social welfare & Empowerment. Tags: Vimukta Jati Nomadic Tribes, Special Backward Class, Technical Education, ITI."
lbssf-els,Loan Based Schemes For Safai Karamchari - Education Loan Scheme (ELS),LBSSF-ELS,Central,,Ministry Of Social Justice and Empowerment,All,"Education & Learning;Banking,Financial Services and Insurance;Social welfare & Empowerment",Professional Course;Technical Course;Education Loan;Student;Manual Scavengers;Waste Pickers;Safai Karamcharis,"An Education Loan scheme by the Ministry of Social justice and Empowerment for Safai Karamchari, Manual Scavengers, and their dependents aged 18 years and above.",,,"Loan Based Schemes For Safai Karamchari - Education Loan Scheme (ELS). An Education Loan scheme by the Ministry of Social justice and Empowerment for Safai Karamchari, Manual Scavengers, and their dependents aged 18 years and above. Category: Education & Learning, Banking,Financial Services and Insurance, Social welfare & Empowerment. Tags: Professional Course, Technical Course, Education Loan, Student, Manual Scavengers, Waste Pickers, Safai Karamcharis."
ifptpssguj,To Increase Fish Seed Production and Inland Fisheries Resources in Tribal Areas: Prawn Seed Stocking - Gujarat,IFPTPSSGUJ,State,Infra,Not specified (state scheme),Gujarat,"Agriculture,Rural & Environment",Fish;Fish Activities;Fish Production;Scheduled Tribes;Fishermen;Prawn Seed;Stocking,The scheme aims to increase fish production by rearing fish in reservoirs and provide employment to people involved in inland fisheries activities.,,3.0,"To Increase Fish Seed Production and Inland Fisheries Resources in Tribal Areas: Prawn Seed Stocking - Gujarat. The scheme aims to increase fish production by rearing fish in reservoirs and provide employment to people involved in inland fisheries activities. Category: Agriculture,Rural & Environment. Tags: Fish, Fish Activities, Fish Production, Scheduled Tribes, Fishermen, Prawn Seed, Stocking."
pmmsylbeguj,Pradhan Mantri Matsya Sampada Yojana (PMMSY-Inland): Large Biofloc Establishment Culture System - Gujarat,PMMSYLBEGUJ,State,Infra,Not specified (state scheme),Gujarat,"Agriculture,Rural & Environment",Fish Farming;Biofloc;Recirculating Aquaculture System;Employment;Large Biofloc Establishment,"The scheme aims to increase fish production by rearing fish in reservoirs, provide employment to people involved in inland fisheries activities, accelerate inland fish farming activities in freshwater bodies, and boost inland fisheries.",,3.0,"Pradhan Mantri Matsya Sampada Yojana (PMMSY-Inland): Large Biofloc Establishment Culture System - Gujarat. The scheme aims to increase fish production by rearing fish in reservoirs, provide employment to people involved in inland fisheries activities, accelerate inland fish farming activities in freshwater bodies, and boost inland fisheries. Category: Agriculture,Rural & Environment. Tags: Fish Farming, Biofloc, Recirculating Aquaculture System, Employment, Large Biofloc Establishment."
sps,Savitribai Phule Scholarship For V.J.N.T And S.B.C Girls Students Studying In 8th To 10 Std,SPS,State,Individual,Not specified (state scheme),Maharashtra,Social welfare & Empowerment;Education & Learning;Women and Child,Pre-Matric;SBC;Scholarship;Special Backward Classes;Vimukta Jati And Nomadic Tribes,"Savitribai Phule Scholarship is a Scholarship Scheme by the Social Justice and Special Assistance Department, Govt. of Maharashtra, to encourage enrollment and to decrease the dropout ratio of Girls in education.",,1.0,"Savitribai Phule Scholarship For V.J.N.T And S.B.C Girls Students Studying In 8th To 10 Std. Savitribai Phule Scholarship is a Scholarship Scheme by the Social Justice and Special Assistance Department, Govt. of Maharashtra, to encourage enrollment and to decrease the dropout ratio of Girls in education. Category: Social welfare & Empowerment, Education & Learning, Women and Child. Tags: Pre-Matric, SBC, Scholarship, Special Backward Classes, Vimukta Jati And Nomadic Tribes."
ferts,"Fish Extension, Research, and Training Scheme",FERTS,State,Infra,Not specified (state scheme),Jharkhand,"Agriculture,Rural & Environment",Financial Assistance;Fishermen;Training;Skill Development,"The Fish Extension, Research, and Training Scheme by the Department of Fisheries, Government of India aims to promote sustainable fishing practices and improve fish production. Through this scheme, financial and technical assistance are provided to fish farmers and others in the fisheries sector.",,3.0,"Fish Extension, Research, and Training Scheme. The Fish Extension, Research, and Training Scheme by the Department of Fisheries, Government of India aims to promote sustainable fishing practices and improve fish production. Through this scheme, financial and technical assistance are provided to fish farmers and others in the fisheries sector. Category: Agriculture,Rural & Environment. Tags: Financial Assistance, Fishermen, Training, Skill Development."
adthsg,Adi Dravidar and Tribal Welfare Department-Hostels: Special Guides,ADTHSG,State,Individual,Not specified (state scheme),Tamil Nadu,Education & Learning;Housing & Shelter,Tribal Welfare;Adi Dravidar;Students;Hostels;Education;Accommodation,The scheme provides hostel facilities to all boys and girls boarders studying up to XII Standard.,,1.0,"Adi Dravidar and Tribal Welfare Department-Hostels: Special Guides. The scheme provides hostel facilities to all boys and girls boarders studying up to XII Standard. Category: Education & Learning, Housing & Shelter. Tags: Tribal Welfare, Adi Dravidar, Students, Hostels, Education, Accommodation."
otejtpss,Out of Turn Employment to Sportspersons in State Services,OTESSS,State,Individual,Not specified (state scheme),Uttarakhand,Sports & Culture;Skills & Employment,Employment;Sports Quota Jobs;Athletes;Jobs;Sportspersons;Sports,"The scheme aims to provide job opportunities to medal-winning sportspersons of Uttarakhand, who have represented the state in international and national games, by offering them out-of-turn employment in various state services.",,1.0,"Out of Turn Employment to Sportspersons in State Services. The scheme aims to provide job opportunities to medal-winning sportspersons of Uttarakhand, who have represented the state in international and national games, by offering them out-of-turn employment in various state services. Category: Sports & Culture, Skills & Employment. Tags: Employment, Sports Quota Jobs, Athletes, Jobs, Sportspersons, Sports."
tloiis,The Lokpal of India Internship Scheme,TLOIIS,Central,Individual,The Lokpal of India,All,Education & Learning;Skills & Employment,Financial Assistance;Student;Internship;Stipend,"The Lokpal of India launched the Internship Scheme for the interns to learn about the implementation of the Lokpal & Lokayuktas Act, the Prevention of Corruption Act, the Central Vigilance Commission Act, & they can contribute towards the effective functioning of the Lokpal of India with fresh ideas",,1.0,"The Lokpal of India Internship Scheme. The Lokpal of India launched the Internship Scheme for the interns to learn about the implementation of the Lokpal & Lokayuktas Act, the Prevention of Corruption Act, the Central Vigilance Commission Act, & they can contribute towards the effective functioning of the Lokpal of India with fresh ideas Category: Education & Learning, Skills & Employment. Tags: Financial Assistance, Student, Internship, Stipend."
dsdais,Devnarayan Scooty Distribution And Incentive Scheme,DSDAIS,State,Individual,Not specified (state scheme),Rajasthan,Education & Learning;Women and Child,Financial Assistance;Resources For School;Education;Higher Education,The Government of Rajasthan has launched the Devnarayan Chatra Scooty Yojana Scheme for the year 2023 in order to encourage female students in the state to study and to address the state’s low female literacy rate.,,1.0,"Devnarayan Scooty Distribution And Incentive Scheme. The Government of Rajasthan has launched the Devnarayan Chatra Scooty Yojana Scheme for the year 2023 in order to encourage female students in the state to study and to address the state’s low female literacy rate. Category: Education & Learning, Women and Child. Tags: Financial Assistance, Resources For School, Education, Higher Education."
spuk,Samman Pension Yojana for All First-Generation Living Legal Heirs of Freedom Fighters of Uttarakhand State,SPYAFGLHFFUKS,State,Family,Not specified (state scheme),Uttarakhand,Social welfare & Empowerment,Pension;Freedom Fighter;Samman;Living Legal Heirs;First-Generation,"The scheme provides financial assistance of ₹4,800/- per month as pension to all first-generation living legal heirs of freedom fighters residing in the state of Uttarakhand.",,2.0,"Samman Pension Yojana for All First-Generation Living Legal Heirs of Freedom Fighters of Uttarakhand State. The scheme provides financial assistance of ₹4,800/- per month as pension to all first-generation living legal heirs of freedom fighters residing in the state of Uttarakhand. Category: Social welfare & Empowerment. Tags: Pension, Freedom Fighter, Samman, Living Legal Heirs, First-Generation."
issspwd,Integrated Social Security Scheme: Pension for Women in Distress,ISSSPWD,State,Individual,Not specified (state scheme),Ladakh,Social welfare & Empowerment;Women and Child,Pension;Woman;Distress;Destitute Widow;Divorced Woman;Deserted Woman;BPL,"The scheme is implemented by the Social and Tribal Welfare Department, Administration of Union Territory of Ladakh. Under this scheme, a financial assistance of ₹1,000/- per month is provided as a pension to destitute widows, divorced, or deserted women with no source of income.",,1.0,"Integrated Social Security Scheme: Pension for Women in Distress. The scheme is implemented by the Social and Tribal Welfare Department, Administration of Union Territory of Ladakh. Under this scheme, a financial assistance of ₹1,000/- per month is provided as a pension to destitute widows, divorced, or deserted women with no source of income. Category: Social welfare & Empowerment, Women and Child. Tags: Pension, Woman, Distress, Destitute Widow, Divorced Woman, Deserted Woman, BPL."
fcds,Floriculture Development Scheme,FCDS,State,Individual,Not specified (state scheme),Meghalaya,"Agriculture,Rural & Environment",Floriculture;Agriculture;Farmer;Subsidy;Flower;Horticulture,The objective of the scheme is to motivate the farmers to take up floriculture (traditional and non-traditional flowers) as a commercial venture through the distribution of planting materials and other inputs.,,1.0,"Floriculture Development Scheme. The objective of the scheme is to motivate the farmers to take up floriculture (traditional and non-traditional flowers) as a commercial venture through the distribution of planting materials and other inputs. Category: Agriculture,Rural & Environment. Tags: Floriculture, Agriculture, Farmer, Subsidy, Flower, Horticulture."
aaelss,Assam Abhinandan Education Loan Subsidy Scheme,AAELSS,State,Individual,Not specified (state scheme),Assam,"Banking,Financial Services and Insurance",Education;Loan;Student,"""Assam Abhinandan Education Loan Subsidy Scheme"" was launched on 26 December 2019 by the Hon'ble Chief Minister of Assam. The scheme is managed by the Finance Department, Govt. of Assam. The govt. will provide a loan subsidy of up to ₹ 50,000 on education loans to students pursuing higher education.",,1.0,"Assam Abhinandan Education Loan Subsidy Scheme. ""Assam Abhinandan Education Loan Subsidy Scheme"" was launched on 26 December 2019 by the Hon'ble Chief Minister of Assam. The scheme is managed by the Finance Department, Govt. of Assam. The govt. will provide a loan subsidy of up to ₹ 50,000 on education loans to students pursuing higher education. Category: Banking,Financial Services and Insurance. Tags: Education, Loan, Student."
vaibhav,VAIshwik BHArtiya Vaigyanik (VAIBHAV) Fellowship,VAIBHAV,Central,Infra,Ministry Of Science And Technology,All,"Education & Learning;Science, IT & Communications",VAIBHAV;Fellowship;Fellow;Research;Science,VAIBHAV Fellowship envisages collaboration between scientists of Indian Diaspora with Indian Higher Educational Institutions/Universities/Public Funded Scientific Institutions. Fellow would identify an Indian Institution for collaboration & may spend upto two months in a year for a max. of 3 years.,,3.0,"VAIshwik BHArtiya Vaigyanik (VAIBHAV) Fellowship. VAIBHAV Fellowship envisages collaboration between scientists of Indian Diaspora with Indian Higher Educational Institutions/Universities/Public Funded Scientific Institutions. Fellow would identify an Indian Institution for collaboration & may spend upto two months in a year for a max. of 3 years. Category: Education & Learning, Science, IT & Communications. Tags: VAIBHAV, Fellowship, Fellow, Research, Science."
fansgdcs,Financial Assistance To Non-School Going Disabled Children Scheme,FANSGDCS,State,Individual,Not specified (state scheme),Haryana,Social welfare & Empowerment,Disabled Children;School;Financial Assistance;Mentally Retarded;Disability,"The scheme “Financial Assistance To Non-School Going Disabled Children Scheme” was launched by the Department of Social Justice and Empowerment, Government of Haryana during the years 2008-09.",,1.0,"Financial Assistance To Non-School Going Disabled Children Scheme. The scheme “Financial Assistance To Non-School Going Disabled Children Scheme” was launched by the Department of Social Justice and Empowerment, Government of Haryana during the years 2008-09. Category: Social welfare & Empowerment. Tags: Disabled Children, School, Financial Assistance, Mentally Retarded, Disability."
msybc,Mahila Samiriddhi Yojana for Backward Classes- Haryana,MSYBC-H,State,Infra,Not specified (state scheme),Haryana,"Banking,Financial Services and Insurance;Business & Entrepreneurship;Women and Child",Mahila;Woman;Backward Classes;Woman Entrepreneur;Loan;Self-help Group,"This scheme, implemented by the Haryana Backward Classes and Economically Weaker Sections Kalyan Nigam, provides loans up to ₹1,25,000/- per beneficiary exclusively to women entrepreneurs of the target group, either directly or through self-help groups.",,3.0,"Mahila Samiriddhi Yojana for Backward Classes- Haryana. This scheme, implemented by the Haryana Backward Classes and Economically Weaker Sections Kalyan Nigam, provides loans up to ₹1,25,000/- per beneficiary exclusively to women entrepreneurs of the target group, either directly or through self-help groups. Category: Banking,Financial Services and Insurance, Business & Entrepreneurship, Women and Child. Tags: Mahila, Woman, Backward Classes, Woman Entrepreneur, Loan, Self-help Group."
sstsc,Sanctioning Spectacles to Senior Citizens,SSTSC,State,Individual,Not specified (state scheme),Andhra Pradesh,Social welfare & Empowerment,Senior Citizens;Spectacles;Empowerment,"The ""Sanctioning Spectacles to Senior Citizens"" scheme aims to provide spectacles to senior citizens. This initiative ensures that eligible senior citizens receive the necessary support to improve their vision and enhance their quality of life.",,1.0,"Sanctioning Spectacles to Senior Citizens. The ""Sanctioning Spectacles to Senior Citizens"" scheme aims to provide spectacles to senior citizens. This initiative ensures that eligible senior citizens receive the necessary support to improve their vision and enhance their quality of life. Category: Social welfare & Empowerment. Tags: Senior Citizens, Spectacles, Empowerment."
mfal,Modular Functional Artificial Limbs,MFAL,State,Individual,Not specified (state scheme),Tamil Nadu,Social welfare & Empowerment,Orthopedically;Artificial Limbs;Differently-abled Person;Student;Self-employed;Employed,"The 'Modular Functional Artificial Limbs' scheme was launched by the Department for the Welfare of Differently Abled Persons, Government of Tamil Nadu. Under this scheme, modular functional artificial limbs are provided for orthopedically differently-abled students, employed or self-employed.",,1.0,"Modular Functional Artificial Limbs. The 'Modular Functional Artificial Limbs' scheme was launched by the Department for the Welfare of Differently Abled Persons, Government of Tamil Nadu. Under this scheme, modular functional artificial limbs are provided for orthopedically differently-abled students, employed or self-employed. Category: Social welfare & Empowerment. Tags: Orthopedically, Artificial Limbs, Differently-abled Person, Student, Self-employed, Employed."
atestas,Awarding Teleeducation Scholarships To Afghan Students,ATESTAS,Central,Individual,Ministry Of External Affairs,All,Education & Learning,Higher Studies;Afghanistan;Scholarship;Education;E-Learning,"The ""Awarding Teleeducation Scholarships To Afghan Students"" scheme under e-VidyaBharati Network Project, launched by the Ministry of External Affairs, offers 1000 annual scholarships to Afghan students for UGC-approved online UG and PG programs from Indian universities.",,1.0,"Awarding Teleeducation Scholarships To Afghan Students. The ""Awarding Teleeducation Scholarships To Afghan Students"" scheme under e-VidyaBharati Network Project, launched by the Ministry of External Affairs, offers 1000 annual scholarships to Afghan students for UGC-approved online UG and PG programs from Indian universities. Category: Education & Learning. Tags: Higher Studies, Afghanistan, Scholarship, Education, E-Learning."
nmoen,National Mission on Edible Oil- Oil Palm: Nursery,NMOEN,State,Individual,Not specified (state scheme),Gujarat,"Agriculture,Rural & Environment",Edible Oil;Nursery;Farmer;Subsidy,"The scheme component ""Nursery"" launched under the ""National Mission on Edible Oil–Oil Palm"" scheme aims to increase the production of oil palm in the state and reduce dependence on imports through providing subsidy assistance for setting up nurseries for farmers.",,1.0,"National Mission on Edible Oil- Oil Palm: Nursery. The scheme component ""Nursery"" launched under the ""National Mission on Edible Oil–Oil Palm"" scheme aims to increase the production of oil palm in the state and reduce dependence on imports through providing subsidy assistance for setting up nurseries for farmers. Category: Agriculture,Rural & Environment. Tags: Edible Oil, Nursery, Farmer, Subsidy."
mkapy,Mukhyamantri Kanya Abhibhavak Pension Yojana,MKAPY,State,Individual,Not specified (state scheme),Madhya Pradesh,Women and Child;Social welfare & Empowerment,Pension;Daughter;Parent;Financial Assistance;Family,The scheme aims to provide financial support to parents or couples who have only daughters. The scheme provides a recurring monthly pension amount of ₹500/- (Rupees 500) to the eligible recipient or couple. The applicant must be a resident of the state of Madhya Pradesh.,,1.0,"Mukhyamantri Kanya Abhibhavak Pension Yojana. The scheme aims to provide financial support to parents or couples who have only daughters. The scheme provides a recurring monthly pension amount of ₹500/- (Rupees 500) to the eligible recipient or couple. The applicant must be a resident of the state of Madhya Pradesh. Category: Women and Child, Social welfare & Empowerment. Tags: Pension, Daughter, Parent, Financial Assistance, Family."
igsccy,Indira Gandhi Shehri Credit Card Yojana,IGSCCY,State,Individual,Not specified (state scheme),Rajasthan,Social welfare & Empowerment,Empowerment;Unemployment;Financial Assistance;Covid,Indira Gandhi Urban Credit Card Scheme-2021 is implemented to provide employment / self-employment opportunities in urban areas and to provide financial resources for everyday needs.,2022-03-31,1.0,"Indira Gandhi Shehri Credit Card Yojana. Indira Gandhi Urban Credit Card Scheme-2021 is implemented to provide employment / self-employment opportunities in urban areas and to provide financial resources for everyday needs. Category: Social welfare & Empowerment. Tags: Empowerment, Unemployment, Financial Assistance, Covid."
atpipordasspsrsfms,Rani Durgavati and Shankarshah Puraskar Scheme (Reward Scheme for Meritorious Students),ATPIPORDASSPSRSFMS,State,Individual,Not specified (state scheme),Madhya Pradesh,Education & Learning,Pre Matric;Education;Scholarship;Merit;Student,"""Rani Durgavati and Shankarshah Puraskar Scheme (Reward Scheme for Meritorious Students)"" provides awards ranging from ₹3,000/- to ₹51,000/- to the meritorious students from the Scheduled Tribe community based on their performance in the 10th and 12th board examinations.",,1.0,"Rani Durgavati and Shankarshah Puraskar Scheme (Reward Scheme for Meritorious Students). ""Rani Durgavati and Shankarshah Puraskar Scheme (Reward Scheme for Meritorious Students)"" provides awards ranging from ₹3,000/- to ₹51,000/- to the meritorious students from the Scheduled Tribe community based on their performance in the 10th and 12th board examinations. Category: Education & Learning. Tags: Pre Matric, Education, Scholarship, Merit, Student."
ascswstrsdlsxxiisma,Award to Scheduled Castes Students Who Secured Top Ranks at State and District Level in Standard X & XII (Sahuji Maharaj Assistance),ASCSWSTRSDLSXXII(SMA),State,Individual,Not specified (state scheme),Gujarat,Education & Learning,Student;SC;Top Rank;Award;Cash Prize,"Under the scheme, Scheduled Castes Category students who have Secured Top Ranks at State and District Levels in Gujarat in Standard X & XII are given cash prizes. Cash prizes are awarded to the first three students who secure the highest ranks in both Standard X and Standard XII across all streams.",,1.0,"Award to Scheduled Castes Students Who Secured Top Ranks at State and District Level in Standard X & XII (Sahuji Maharaj Assistance). Under the scheme, Scheduled Castes Category students who have Secured Top Ranks at State and District Levels in Gujarat in Standard X & XII are given cash prizes. Cash prizes are awarded to the first three students who secure the highest ranks in both Standard X and Standard XII across all streams. Category: Education & Learning. Tags: Student, SC, Top Rank, Award, Cash Prize."
isss-ppcp,Integrated Social Security Scheme - Pension For Physically Challenged Persons,ISSS-PPCP,State,Individual,Not specified (state scheme),Jammu and Kashmir,Social welfare & Empowerment,Pension;PwD;Disability;Social Welfare,ISSS-PPCP is a State Sponsored Scheme by the Social Welfare Dept. of the Govt. of J&K wherein financial assistance is provided to Physically Challenged Person who have meager support or no source of livelihood. A pension of ₹1000 per pensioner per month is deposited into their bank account.,,1.0,"Integrated Social Security Scheme - Pension For Physically Challenged Persons. ISSS-PPCP is a State Sponsored Scheme by the Social Welfare Dept. of the Govt. of J&K wherein financial assistance is provided to Physically Challenged Person who have meager support or no source of livelihood. A pension of ₹1000 per pensioner per month is deposited into their bank account. Category: Social welfare & Empowerment. Tags: Pension, PwD, Disability, Social Welfare."
eogu,Establishment of Goat Unit (10 +1),EOGU,State,Individual,Not specified (state scheme),Gujarat,"Agriculture,Rural & Environment",Animal Husbandry;Goat Breeding;Goat Unit,"The ""Establishment of Goat Unit (10+1)"" scheme by the Agriculture, Farmers Welfare and Cooperation Department, Gujarat, aims to promote the social and economic upliftment of goat breeders by encouraging goat breeding and genetic improvement through pure breeding.",,1.0,"Establishment of Goat Unit (10 +1). The ""Establishment of Goat Unit (10+1)"" scheme by the Agriculture, Farmers Welfare and Cooperation Department, Gujarat, aims to promote the social and economic upliftment of goat breeders by encouraging goat breeding and genetic improvement through pure breeding. Category: Agriculture,Rural & Environment. Tags: Animal Husbandry, Goat Breeding, Goat Unit."
msgsy,Mukhyamantri Svadeshi Gau Samvardhan Yojana,MSGSY,State,Individual,Not specified (state scheme),Uttar Pradesh,"Agriculture,Rural & Environment;Women and Child;Skills & Employment",Milk Mission;Production;Financial Assistance;Farmer;Cow,"The ""Mukhyamantri Svadeshi Gau Samvardhan Yojana"" under the ""Nand Baba Milk Mission"" aims to enhance milk productivity and per capita milk availability in Uttar Pradesh by encouraging the purchase of indigenous improved breed cows from outside the state and employment opportunities in rural areas.",,1.0,"Mukhyamantri Svadeshi Gau Samvardhan Yojana. The ""Mukhyamantri Svadeshi Gau Samvardhan Yojana"" under the ""Nand Baba Milk Mission"" aims to enhance milk productivity and per capita milk availability in Uttar Pradesh by encouraging the purchase of indigenous improved breed cows from outside the state and employment opportunities in rural areas. Category: Agriculture,Rural & Environment, Women and Child, Skills & Employment. Tags: Milk Mission, Production, Financial Assistance, Farmer, Cow."
mtbwodap,Multimedia Training - Tamil Nadu,MTTN,State,Individual,Not specified (state scheme),Tamil Nadu,Skills & Employment,Training;Person With Disability;Multimedia;Locomotor,"The Department for the Welfare of Differently Abled Persons, Government of Tamil Nadu, launched the ""Multimedia Training Program"" for people with locomotor and hearing impairments.",,1.0,"Multimedia Training - Tamil Nadu. The Department for the Welfare of Differently Abled Persons, Government of Tamil Nadu, launched the ""Multimedia Training Program"" for people with locomotor and hearing impairments. Category: Skills & Employment. Tags: Training, Person With Disability, Multimedia, Locomotor."
assy,Atal Shresth Shahar Yojna,ASSY,State,Infra,Not specified (state scheme),Himachal Pradesh,Utility & Sanitation,Atal;Municipal Council;Nagar Panchayat;Sanitation;Cleanliness;Municipal Corporation;Award,"The scheme aims to reward and incentivize the best performing Urban Local Bodies (ULBs) in Himachal Pradesh (Municipal Council/Nagar Panchyat) on the indicators of sanitations/cleanliness, increase utilization, public infrastructure and official work.",,3.0,"Atal Shresth Shahar Yojna. The scheme aims to reward and incentivize the best performing Urban Local Bodies (ULBs) in Himachal Pradesh (Municipal Council/Nagar Panchyat) on the indicators of sanitations/cleanliness, increase utilization, public infrastructure and official work. Category: Utility & Sanitation. Tags: Atal, Municipal Council, Nagar Panchayat, Sanitation, Cleanliness, Municipal Corporation, Award."
ngy,Nandaa Gaura Yojana,NGY,State,Individual,Not specified (state scheme),Uttarakhand,Social welfare & Empowerment;Women and Child,Financial Assistance;Girl Child;Nanda;Gaura,"The scheme aims to provide financial assistance for upto 2 girls in a family. Assistance is given in 2 installments per girl child: 1st installment of ₹11,000 is provided at the time of birth if girl is born in a hospital/ANM center & 2nd installment of ₹51,000 is given when girl passes Class 12th.",,1.0,"Nandaa Gaura Yojana. The scheme aims to provide financial assistance for upto 2 girls in a family. Assistance is given in 2 installments per girl child: 1st installment of ₹11,000 is provided at the time of birth if girl is born in a hospital/ANM center & 2nd installment of ₹51,000 is given when girl passes Class 12th. Category: Social welfare & Empowerment, Women and Child. Tags: Financial Assistance, Girl Child, Nanda, Gaura."
ilpcpmppe,"Issuing Legal Production Certificate (LPC) to Producers of Medicinal Plant Products for Export - Herbal Research and Development Institute, Uttarakhand",ILPCPMPPE,State,Individual,Not specified (state scheme),Uttarakhand,Business & Entrepreneurship,Herbal Products;Herbs;Export Of Products;Legal Production Certificate;Medicinal Plant,"The scheme aims to facilitate the lawful export of endangered and CITES-listed medicinal plant species such as Kuth, Kutki, etc. by issuing Legal Production Certificates (LPC) to cultivators who legally grow these species on their own measured land.",,1.0,"Issuing Legal Production Certificate (LPC) to Producers of Medicinal Plant Products for Export - Herbal Research and Development Institute, Uttarakhand. The scheme aims to facilitate the lawful export of endangered and CITES-listed medicinal plant species such as Kuth, Kutki, etc. by issuing Legal Production Certificates (LPC) to cultivators who legally grow these species on their own measured land. Category: Business & Entrepreneurship. Tags: Herbal Products, Herbs, Export Of Products, Legal Production Certificate, Medicinal Plant."
pmsscsn,Post Matric Scholarship To Scheduled Caste Students Of Nagaland,PMSSCSN,State,Individual,Not specified (state scheme),Nagaland,Education & Learning,Post Matric Scholarship;Student;Scheduled Caste;Nagaland;Higher Education,The Directorate of Higher Education (DHE) has launched the Post Matric Scholarship to ST students of the Nagaland scheme for providing socio-economic welfare to the students belonging to the residentship of Nagaland state. The student must be studying or getting admission to the post-matric class.,,1.0,"Post Matric Scholarship To Scheduled Caste Students Of Nagaland. The Directorate of Higher Education (DHE) has launched the Post Matric Scholarship to ST students of the Nagaland scheme for providing socio-economic welfare to the students belonging to the residentship of Nagaland state. The student must be studying or getting admission to the post-matric class. Category: Education & Learning. Tags: Post Matric Scholarship, Student, Scheduled Caste, Nagaland, Higher Education."
f-ss,Kisan-Vaigyanik Sangoshthi,KVS,State,Individual,Not specified (state scheme),Uttarakhand,"Agriculture,Rural & Environment;Skills & Employment",Farmer;Scientist;Self-help Group;Seminar;Training;Youth;Biotechnology,The scheme aims to guide farmers and youth in biotechnology-based farming and animal husbandry by providing technical training and solutions to enhance self-employment and income generation.,,1.0,"Kisan-Vaigyanik Sangoshthi. The scheme aims to guide farmers and youth in biotechnology-based farming and animal husbandry by providing technical training and solutions to enhance self-employment and income generation. Category: Agriculture,Rural & Environment, Skills & Employment. Tags: Farmer, Scientist, Self-help Group, Seminar, Training, Youth, Biotechnology."
ya,Yatra Anudan,YA,State,Individual,Not specified (state scheme),Uttarakhand,"Science, IT & Communications;Travel & Tourism",Grant;Travel;Researcher;Scientist;UCOST;Scientific Workshop,"The scheme aims to support researchers and scientists in attending international scientific workshops and other programs by providing eligible applicants with travel grants covering up to 50% of the expenses (maximum ₹25,000/-).",,1.0,"Yatra Anudan. The scheme aims to support researchers and scientists in attending international scientific workshops and other programs by providing eligible applicants with travel grants covering up to 50% of the expenses (maximum ₹25,000/-). Category: Science, IT & Communications, Travel & Tourism. Tags: Grant, Travel, Researcher, Scientist, UCOST, Scientific Workshop."
hfsaed,Hostel Facility for Students Availing Education in Delhi,HFSAED,State,Individual,Not specified (state scheme),Madhya Pradesh,Education & Learning,Hostel Facility;Student;Higher Education;Delhi;Scheduled Caste;Scholarship,"The objective of the scheme is to provide facilities for residential and other facilities such as water, reimbursement of electricity expenditure, scholarship etc. for scheduled caste students of Madhya Pradesh studying in higher institutions located in Delhi.",,1.0,"Hostel Facility for Students Availing Education in Delhi. The objective of the scheme is to provide facilities for residential and other facilities such as water, reimbursement of electricity expenditure, scholarship etc. for scheduled caste students of Madhya Pradesh studying in higher institutions located in Delhi. Category: Education & Learning. Tags: Hostel Facility, Student, Higher Education, Delhi, Scheduled Caste, Scholarship."
bba,Best Book Award,BBA,State,Individual,Not specified (state scheme),Gujarat,Sports & Culture,Book Prize;Literature Awards;Cultural Promotion,"The scheme ""Best Book Award"" by the Sports, Youth and Cultural Activities Department, Government of Gujarat aims to promote literary excellence by providing cash awards, certificates, and shields to authors of outstanding books published in Gujarat.",,1.0,"Best Book Award. The scheme ""Best Book Award"" by the Sports, Youth and Cultural Activities Department, Government of Gujarat aims to promote literary excellence by providing cash awards, certificates, and shields to authors of outstanding books published in Gujarat. Category: Sports & Culture. Tags: Book Prize, Literature Awards, Cultural Promotion."
ipsile,Investment Promotion Scheme (IPS) for MSME Sector: Incentive For Local Employment,IPSILE,State,Infra,Not specified (state scheme),Dadra & Nagar Haveli and Daman & Diu,Business & Entrepreneurship,Employment;MSMEs;Incentives;Entrepreneurship;Subsidy;Reimbursement;IPS,"“Incentive For Local Employment” under the “Investment Promotion Scheme (IPS)” for MSME sector, implemented by the Dept. of Industries, U.T. Administration Of DNH & DD, aims to provide One-time recruitment incentive to the Industrial Units for generating employment for local residents.",,3.0,"Investment Promotion Scheme (IPS) for MSME Sector: Incentive For Local Employment. “Incentive For Local Employment” under the “Investment Promotion Scheme (IPS)” for MSME sector, implemented by the Dept. of Industries, U.T. Administration Of DNH & DD, aims to provide One-time recruitment incentive to the Industrial Units for generating employment for local residents. Category: Business & Entrepreneurship. Tags: Employment, MSMEs, Incentives, Entrepreneurship, Subsidy, Reimbursement, IPS."
vpls,Vrutti Protsaha Loan Scheme,VPLS,State,Individual,Not specified (state scheme),Karnataka,Skills & Employment;Social welfare & Empowerment,Loan;Self-employment;Subsidy;Minority,"The ""Vrutti Protsaha Loan Scheme"" is an initiative by the Karnataka Minority Development Corporation (KMDC) to promote self-employment and economic activities among minority communities. The scheme provides financial assistance to eligible individuals from minority communities.",,1.0,"Vrutti Protsaha Loan Scheme. The ""Vrutti Protsaha Loan Scheme"" is an initiative by the Karnataka Minority Development Corporation (KMDC) to promote self-employment and economic activities among minority communities. The scheme provides financial assistance to eligible individuals from minority communities. Category: Skills & Employment, Social welfare & Empowerment. Tags: Loan, Self-employment, Subsidy, Minority."
fafmjkbocwwb,Financial Assistance for Medical (JKBOCWWB),FAFMJKBOCWWB,State,Individual,Not specified (state scheme),Jammu and Kashmir,Health & Wellness,Worker;Construction;Labour;Medical;Financial Assistance,"The ""Financial Assistance for Medical"" scheme by the JKBOCW Welfare Board, Labour Department, Jammu & Kashmir, provides financial support for medical expenses, including injury treatment, temporary and permanent disability, and the treatment of chronic diseases.",,1.0,"Financial Assistance for Medical (JKBOCWWB). The ""Financial Assistance for Medical"" scheme by the JKBOCW Welfare Board, Labour Department, Jammu & Kashmir, provides financial support for medical expenses, including injury treatment, temporary and permanent disability, and the treatment of chronic diseases. Category: Health & Wellness. Tags: Worker, Construction, Labour, Medical, Financial Assistance."
rhs,Rental Housing Scheme,RHS,State,Family,Not specified (state scheme),Assam,Transport & Infrastructure;Social welfare & Empowerment,Housing;Shelter;Accomodation;Flats;Construction,"The scheme aims to provide rental housing to individuals and families from lower and middle-income groups, address housing shortages, prevent unauthorized settlements, and promote orderly urban development. It benefits Grade Third and Grade Fourth employees and eligible non-government individuals.",,2.0,"Rental Housing Scheme. The scheme aims to provide rental housing to individuals and families from lower and middle-income groups, address housing shortages, prevent unauthorized settlements, and promote orderly urban development. It benefits Grade Third and Grade Fourth employees and eligible non-government individuals. Category: Transport & Infrastructure, Social welfare & Empowerment. Tags: Housing, Shelter, Accomodation, Flats, Construction."
pocsm,Production of Certified Seeds of Maize,POCSM,State,Individual,Not specified (state scheme),Tamil Nadu,"Agriculture,Rural & Environment",Agriculture;Farmer;Certified Seeds;Production Of Seeds;Maize,"The ""Production of Certified Seeds of Maize"" scheme, aims to promote the production of certified maize seeds by providing subsidy to farmers in select districts of Tamil Nadu.",,1.0,"Production of Certified Seeds of Maize. The ""Production of Certified Seeds of Maize"" scheme, aims to promote the production of certified maize seeds by providing subsidy to farmers in select districts of Tamil Nadu. Category: Agriculture,Rural & Environment. Tags: Agriculture, Farmer, Certified Seeds, Production Of Seeds, Maize."
dbrasvpcdbrali,Dr. B.R. Ambedkar’s Yatra Scheme to visit the places connected with Dr. B.R. Ambedkar’s life in India,DBRASVPCDBRALI,State,Individual,Not specified (state scheme),Puducherry,Travel & Tourism;Transport & Infrastructure,Scheduled Caste;Scheduled Tribe;Travel;Pilgrimage;Transport,"The scheme aims to assist the people who want to visit the places connected with Dr. B.R. Ambedkar’s life in India. It provides comprehensive financial assistance, with all expenses for the tour programme fully borne by the Department, targeting SC/ST applicants of Puducherry.",,1.0,"Dr. B.R. Ambedkar’s Yatra Scheme to visit the places connected with Dr. B.R. Ambedkar’s life in India. The scheme aims to assist the people who want to visit the places connected with Dr. B.R. Ambedkar’s life in India. It provides comprehensive financial assistance, with all expenses for the tour programme fully borne by the Department, targeting SC/ST applicants of Puducherry. Category: Travel & Tourism, Transport & Infrastructure. Tags: Scheduled Caste, Scheduled Tribe, Travel, Pilgrimage, Transport."
iaicmc,Incentive Award to Inter-Caste Married Couples,IAICMC,State,Family,Not specified (state scheme),Puducherry,Social welfare & Empowerment,Marriage;Intercaste;Bride;Groom;Financial Assistance;Scheduled Caste,"The scheme “Incentive Award to Inter-Caste Married Couples” was introduced by the Adi Dravidar Welfare Department, Government of Puducherry. The objective of the scheme is to reduce the effect of untouchability and as a step towards bringing about a casteless society.",,2.0,"Incentive Award to Inter-Caste Married Couples. The scheme “Incentive Award to Inter-Caste Married Couples” was introduced by the Adi Dravidar Welfare Department, Government of Puducherry. The objective of the scheme is to reduce the effect of untouchability and as a step towards bringing about a casteless society. Category: Social welfare & Empowerment. Tags: Marriage, Intercaste, Bride, Groom, Financial Assistance, Scheduled Caste."
smaeuk,Sub-Mission on Agricultural Extension (SMAE),SMAEUK,State,Individual,Not specified (state scheme),Uttarakhand,"Agriculture,Rural & Environment",Agricultural;Farmer;SMAE;Kisan Award;Kisan Ratna;Kisan Shri,"The scheme aims to promote the adoption of modern and scientific farming practices among farmers across the state through continuous training, practical demonstrations, and exposure visits.",,1.0,"Sub-Mission on Agricultural Extension (SMAE). The scheme aims to promote the adoption of modern and scientific farming practices among farmers across the state through continuous training, practical demonstrations, and exposure visits. Category: Agriculture,Rural & Environment. Tags: Agricultural, Farmer, SMAE, Kisan Award, Kisan Ratna, Kisan Shri."
ueas,Unemployment Allowance for the Educated Unemployed Youth Scheme,UAEUYS,State,Individual,Not specified (state scheme),Haryana,Skills & Employment,Allowance;Unemployment;Educated Unemployed Youth;Financial Assistance,The scheme was introduced on 01.11.1988 which provides monthly unemployment allowance to the educated unemployed youth registered with the Employment Exchanges in Haryana.,,1.0,"Unemployment Allowance for the Educated Unemployed Youth Scheme. The scheme was introduced on 01.11.1988 which provides monthly unemployment allowance to the educated unemployed youth registered with the Employment Exchanges in Haryana. Category: Skills & Employment. Tags: Allowance, Unemployment, Educated Unemployed Youth, Financial Assistance."
rapf,Registration of Aromatic Plant Farmers - Centre for Aromatic Plants,RAPF,State,Individual,Not specified (state scheme),Uttarakhand,"Agriculture,Rural & Environment",Aromatic;Farmer;Aromatic Plants;Registration,"The registration ensures that farmers are eligible to access the benefits of all schemes offered by CAP, including state and central government subsidies, technical guidance, training programs, and product clearance support.",,1.0,"Registration of Aromatic Plant Farmers - Centre for Aromatic Plants. The registration ensures that farmers are eligible to access the benefits of all schemes offered by CAP, including state and central government subsidies, technical guidance, training programs, and product clearance support. Category: Agriculture,Rural & Environment. Tags: Aromatic, Farmer, Aromatic Plants, Registration."
jsecasp,Jharkhand Sports Excellence Cash Award Scheme to Players,JSECASP,State,Individual,Not specified (state scheme),Jharkhand,Sports & Culture,Financial Assistance;Award;Sportsperson;Athletes,"The “Jharkhand Sports Excellence Cash Award Scheme to Players” aims to provide cash awards to athletes for exceptional achievements in national and international competitions, as per the Jharkhand Sports Policy, 2022.",,1.0,"Jharkhand Sports Excellence Cash Award Scheme to Players. The “Jharkhand Sports Excellence Cash Award Scheme to Players” aims to provide cash awards to athletes for exceptional achievements in national and international competitions, as per the Jharkhand Sports Policy, 2022. Category: Sports & Culture. Tags: Financial Assistance, Award, Sportsperson, Athletes."
rtccuk,Rural Technology Complex,RTCCUK,State,Individual,Not specified (state scheme),Uttarakhand,Education & Learning;Skills & Employment,Rural Technology;Skill Development;Environment-Friendly Technology;Training Program;Self-Help Groups,"The scheme ""Rural Technology Complex"" by the Programme Implementation Department, Government of Uttarakhand, aims to enhance livelihood opportunities in the Himalayan region through the use of local, need-based and environment-friendly technologies.",,1.0,"Rural Technology Complex. The scheme ""Rural Technology Complex"" by the Programme Implementation Department, Government of Uttarakhand, aims to enhance livelihood opportunities in the Himalayan region through the use of local, need-based and environment-friendly technologies. Category: Education & Learning, Skills & Employment. Tags: Rural Technology, Skill Development, Environment-Friendly Technology, Training Program, Self-Help Groups."
gbwodapd,Goggles by Welfare of Differently Abled Persons Department,GBWODAPD,State,Individual,Not specified (state scheme),Tamil Nadu,Social welfare & Empowerment,Differently Abled Person;Goggles;Visually Challenged Person;Social Welfare,"The 'Goggles by Welfare of Differently Abled Persons Department' scheme was launched by the Department for the Welfare of Differently Abled Persons, Government of Tamil Nadu. The scheme aims to distribute goggles to needy visually impaired persons to enable them to protect themselves from sunlight.",,1.0,"Goggles by Welfare of Differently Abled Persons Department. The 'Goggles by Welfare of Differently Abled Persons Department' scheme was launched by the Department for the Welfare of Differently Abled Persons, Government of Tamil Nadu. The scheme aims to distribute goggles to needy visually impaired persons to enable them to protect themselves from sunlight. Category: Social welfare & Empowerment. Tags: Differently Abled Person, Goggles, Visually Challenged Person, Social Welfare."
ttr,Tejaswini-the Radiant,TTR,State,Individual,Not specified (state scheme),Jammu and Kashmir,Business & Entrepreneurship;Women and Child,Women;Entrepreneurship;Livelihood Generation,"A scheme to provide financial assistance to the young women for setting up gainful self-employment ventures, suited to their skills, training, aptitude and local conditions.",,1.0,"Tejaswini-the Radiant. A scheme to provide financial assistance to the young women for setting up gainful self-employment ventures, suited to their skills, training, aptitude and local conditions. Category: Business & Entrepreneurship, Women and Child. Tags: Women, Entrepreneurship, Livelihood Generation."
mmgsy,Mukhya Mantri Grihini Suvidha Yojana,MMGSY,State,Family,Not specified (state scheme),Himachal Pradesh,Utility & Sanitation;Women and Child,LPG Cylinder;MMGSY;Grihini Suvidha Yojana;Information And Public Relations;Gas Connection,The objective of launching the Mukhya Mantri Grihini Suvidha Yojna was to provide free gas connections to those families who were not covered under the Centre's Ujjwala scheme.,,2.0,"Mukhya Mantri Grihini Suvidha Yojana. The objective of launching the Mukhya Mantri Grihini Suvidha Yojna was to provide free gas connections to those families who were not covered under the Centre's Ujjwala scheme. Category: Utility & Sanitation, Women and Child. Tags: LPG Cylinder, MMGSY, Grihini Suvidha Yojana, Information And Public Relations, Gas Connection."
tlnskfdch,Term Loan under NSKFDC- Haryana,TLNSKFDCH,State,Individual,Not specified (state scheme),Haryana,"Business & Entrepreneurship;Banking,Financial Services and Insurance",Term Loan;NSKFDC;HSFDC;Safai Karamcharis;Self-Employment,"Under this scheme, loans are provided to Safai Karamcharis & their dependents for any viable income-generating activities with a maximum cost of up to ₹15,00,000/- per beneficiary. The beneficiary should be between 18 & 55 years of age and should be either Safai Karamchari or his/her dependent.",,1.0,"Term Loan under NSKFDC- Haryana. Under this scheme, loans are provided to Safai Karamcharis & their dependents for any viable income-generating activities with a maximum cost of up to ₹15,00,000/- per beneficiary. The beneficiary should be between 18 & 55 years of age and should be either Safai Karamchari or his/her dependent. Category: Business & Entrepreneurship, Banking,Financial Services and Insurance. Tags: Term Loan, NSKFDC, HSFDC, Safai Karamcharis, Self-Employment."
modrob,Modernisation And Removal Of Obsolescence,MODROB,Central,Infra,Ministry of Education,All,Education & Learning,Grant;Institution,"MODROB scheme, one of the AICTE Quality Improvement Scheme (AQIS), intends to support the development of laboratories with appropriate equipment/ technology/ tools/ software and encourages financial contribution from the industry.",,3.0,"Modernisation And Removal Of Obsolescence. MODROB scheme, one of the AICTE Quality Improvement Scheme (AQIS), intends to support the development of laboratories with appropriate equipment/ technology/ tools/ software and encourages financial contribution from the industry. Category: Education & Learning. Tags: Grant, Institution."
chief-minister-sustainable-agriculture-irrigation-scheme,Chief Minister Sustainable Agriculture Irrigation Scheme - Magel Tyala Shettale (Individual Farm Pond),CHIEF MINISTER SUSTAINABLE AGRICULTURE IRRIGATION SCHEME,State,,Not specified (state scheme),Maharashtra,"Agriculture,Rural & Environment",MahaDBT;Individual Farm Pond;Magel Tyala Shettale;Chatrapati Shivaji Maharaj Krishi Yojana,Under this scheme subsidy payable to individual farmer is minimum Rs.14433/- and maximum Rs.75000/- depending on the size of the farm pond.,,,"Chief Minister Sustainable Agriculture Irrigation Scheme - Magel Tyala Shettale (Individual Farm Pond). Under this scheme subsidy payable to individual farmer is minimum Rs.14433/- and maximum Rs.75000/- depending on the size of the farm pond. Category: Agriculture,Rural & Environment. Tags: MahaDBT, Individual Farm Pond, Magel Tyala Shettale, Chatrapati Shivaji Maharaj Krishi Yojana."
pmssts,The Post-Matric Scholarship For Scheduled Tribes Students,PMSSTS,State,Individual,Not specified (state scheme),Mizoram,Education & Learning,Scholarship;Student Finance;Financial Assistance;Empowerment,"The scheme ""Post-Matric Scholarship for Scheduled Tribes Students"" by the Ministry of Tribal Affairs, Government of India, and Government of Mizoram aims to provide financial assistance to ST students pursuing post-matriculation education. It covers various recognized courses.",,1.0,"The Post-Matric Scholarship For Scheduled Tribes Students. The scheme ""Post-Matric Scholarship for Scheduled Tribes Students"" by the Ministry of Tribal Affairs, Government of India, and Government of Mizoram aims to provide financial assistance to ST students pursuing post-matriculation education. It covers various recognized courses. Category: Education & Learning. Tags: Scholarship, Student Finance, Financial Assistance, Empowerment."
hiip,Homes For Intellectually Impaired Persons,HIIP,State,Individual,Not specified (state scheme),Maharashtra,Housing & Shelter;Social welfare & Empowerment,Child;Person With Disability;Shelter;Social Justice,"The ""Homes for Intellectually Impaired Persons"" is a scheme by the Department of Social Justice & Special Assistance, Govt. of Maharashtra. In this scheme, Mentally Deficient Children who are in need of care and protection are admitted into shelter homes through the Child Welfare Committees.",,1.0,"Homes For Intellectually Impaired Persons. The ""Homes for Intellectually Impaired Persons"" is a scheme by the Department of Social Justice & Special Assistance, Govt. of Maharashtra. In this scheme, Mentally Deficient Children who are in need of care and protection are admitted into shelter homes through the Child Welfare Committees. Category: Housing & Shelter, Social welfare & Empowerment. Tags: Child, Person With Disability, Shelter, Social Justice."
acbbhses,Andaman & Nicobar Bed & Breakfast / Home Stay Establishment Scheme,ACBBHSES,State,Individual,Not specified (state scheme),Andaman and Nicobar Islands,Travel & Tourism,Homestay;Breakfast;Tourism;Accommodation,"The Directorate of Tourism, Andaman & Nicobar Administration is implementing ‘Andaman & Nicobar Bed & Breakfast/Homestay Scheme’ all over the Island based on the approved guidelines of the Ministry of Tourism, Govt. of India under the scheme “Incredible India Bed & Breakfast/Homestay Establishment”.",,1.0,"Andaman & Nicobar Bed & Breakfast / Home Stay Establishment Scheme. The Directorate of Tourism, Andaman & Nicobar Administration is implementing ‘Andaman & Nicobar Bed & Breakfast/Homestay Scheme’ all over the Island based on the approved guidelines of the Ministry of Tourism, Govt. of India under the scheme “Incredible India Bed & Breakfast/Homestay Establishment”. Category: Travel & Tourism. Tags: Homestay, Breakfast, Tourism, Accommodation."
sdd,Sindhu Darshan Scheme,SDD,State,Individual,Not specified (state scheme),Gujarat,Travel & Tourism;Sports & Culture,Culture;Pilgrim;Heritage;Pilgrimage;Travel;Tourism,"The scheme aims to provide financial assistance of ₹15,000/- to pilgrims from Gujarat undertaking the Sindhu Darshan Yatra in Leh-Ladakh, fostering national unity. Intended beneficiaries include native Gujaratis who complete the yatra and apply within 60 days.",,1.0,"Sindhu Darshan Scheme. The scheme aims to provide financial assistance of ₹15,000/- to pilgrims from Gujarat undertaking the Sindhu Darshan Yatra in Leh-Ladakh, fostering national unity. Intended beneficiaries include native Gujaratis who complete the yatra and apply within 60 days. Category: Travel & Tourism, Sports & Culture. Tags: Culture, Pilgrim, Heritage, Pilgrimage, Travel, Tourism."
financial-assistance-scheme,Agriculture And Processed Foods Export Promotion Scheme Of APEDA For The 15th Finance Commission Cycle (2021-22 To 2025-26),APFEPSA,Central,Infra,Ministry Of Commerce And Industry,All,"Agriculture,Rural & Environment",Agriculture;Processed Food;Export Promotion;APEDA;Export Infrastructure;Quality Development;Market Development;Financial Assistance,The Financial Assistance Scheme (FAS) is an export promotion scheme run by APEDA. The scheme aims to facilitate the export of agri-products by providing assistance to exporters.,,3.0,"Agriculture And Processed Foods Export Promotion Scheme Of APEDA For The 15th Finance Commission Cycle (2021-22 To 2025-26). The Financial Assistance Scheme (FAS) is an export promotion scheme run by APEDA. The scheme aims to facilitate the export of agri-products by providing assistance to exporters. Category: Agriculture,Rural & Environment. Tags: Agriculture, Processed Food, Export Promotion, APEDA, Export Infrastructure, Quality Development, Market Development, Financial Assistance."
ata-mesifa-cii,"""Assistance for Technology Acquisition"" under ""Motivation of Entrepreneurs to Start Industries and Fiscal Assistance to Capital Intensive Industries""",ATA-MESIFA-CII,State,Infra,Not specified (state scheme),Puducherry,Business & Entrepreneurship,Technology;Entrepreneur;Industry;Business,"Through ""Assistance for Technology Acquisition"", assistance for acquisition of appropriate technology in any form for specific product/process is provided by way of 50% grant subject to a maximum of ₹10,00,000/-. The applications are accepted offline in the prescribed form available.",,3.0,"""Assistance for Technology Acquisition"" under ""Motivation of Entrepreneurs to Start Industries and Fiscal Assistance to Capital Intensive Industries"". Through ""Assistance for Technology Acquisition"", assistance for acquisition of appropriate technology in any form for specific product/process is provided by way of 50% grant subject to a maximum of ₹10,00,000/-. The applications are accepted offline in the prescribed form available. Category: Business & Entrepreneurship. Tags: Technology, Entrepreneur, Industry, Business."
mawcihbocwwb,Medical Assistance/Wage Compensation during Illness (HBOCWWB),MAWCIHBOCWWB,State,Individual,Not specified (state scheme),Haryana,Social welfare & Empowerment,Building Worker;Construction Worker;Labour;Financial Assistance;Wage Compensation;Illness,"Under this scheme, wage compensation or financial assistance is provided to registered workers if they are admitted to any government or empanelled private hospital for treatment for a minimum of 4 days and a maximum of 30 days.",,1.0,"Medical Assistance/Wage Compensation during Illness (HBOCWWB). Under this scheme, wage compensation or financial assistance is provided to registered workers if they are admitted to any government or empanelled private hospital for treatment for a minimum of 4 days and a maximum of 30 days. Category: Social welfare & Empowerment. Tags: Building Worker, Construction Worker, Labour, Financial Assistance, Wage Compensation, Illness."
gssy,Gopabandhu Sikhya Sahayata Yojana,GSSY,State,Individual,Not specified (state scheme),Odisha,Education & Learning,Scholarship;Financial Assistance,"The ""Gopabandhu Sikhya Sahayata Yojana"" scheme was launched as an endeavor to make higher education inclusive and to increase the gross enrollment ratio. The scheme aims to further widen access to higher education for students belonging to underprivileged sections of society.",,1.0,"Gopabandhu Sikhya Sahayata Yojana. The ""Gopabandhu Sikhya Sahayata Yojana"" scheme was launched as an endeavor to make higher education inclusive and to increase the gross enrollment ratio. The scheme aims to further widen access to higher education for students belonging to underprivileged sections of society. Category: Education & Learning. Tags: Scholarship, Financial Assistance."
fmuifdsgc,Fodder Minikits under Integrated Fodder Development Scheme (General Category),FMUIFDS(GC),State,Individual,Not specified (state scheme),Gujarat,"Agriculture,Rural & Environment",Fodder Minikits;Farmer;Seed,"The scheme “Fodder Minikits under Integrated Fodder Development Scheme” is implemented by the Directorate of Animal Husbandry, Government of Gujarat to provide an improved variety of fodder seeds to beneficiaries for widespread publicity, demonstration, and adaptation by farmers.",,1.0,"Fodder Minikits under Integrated Fodder Development Scheme (General Category). The scheme “Fodder Minikits under Integrated Fodder Development Scheme” is implemented by the Directorate of Animal Husbandry, Government of Gujarat to provide an improved variety of fodder seeds to beneficiaries for widespread publicity, demonstration, and adaptation by farmers. Category: Agriculture,Rural & Environment. Tags: Fodder Minikits, Farmer, Seed."
stl,Soil Testing Laboratory,STL,State,Individual,Not specified (state scheme),Meghalaya,"Agriculture,Rural & Environment",Farmers;Agriculture;Soil Health,"Agriculture and Farmers' Welfare Department launched the ""Soil Testing Laboratory"" scheme for the farmer on 01 April 2013.",,1.0,"Soil Testing Laboratory. Agriculture and Farmers' Welfare Department launched the ""Soil Testing Laboratory"" scheme for the farmer on 01 April 2013. Category: Agriculture,Rural & Environment. Tags: Farmers, Agriculture, Soil Health."
fapsfti,Financial Assistance for Private Self-Financed Technical Institutions,FAPSFTI,State,Infra,Not specified (state scheme),Jharkhand,Education & Learning,Financial Assistance;Technical;Institutions;Infrastructure,"The ""Financial Assistance for Private Self-Financed Technical Institutions"" scheme by the Higher, Technical Education & Skill Development Department, Government of Jharkhand, provides grants to private engineering and polytechnic institutions for infrastructure enhancement and quality education.",,3.0,"Financial Assistance for Private Self-Financed Technical Institutions. The ""Financial Assistance for Private Self-Financed Technical Institutions"" scheme by the Higher, Technical Education & Skill Development Department, Government of Jharkhand, provides grants to private engineering and polytechnic institutions for infrastructure enhancement and quality education. Category: Education & Learning. Tags: Financial Assistance, Technical, Institutions, Infrastructure."
parls,Passenger Auto Rickshaw Loan Scheme (DAADC),PARLS,State,Individual,Not specified (state scheme),Gujarat,"Banking,Financial Services and Insurance",Passenger Auto Rickshaw Loan;Antyodaya;Scheduled Caste;Employment,"The ""Passenger Auto Rickshaw Loan Scheme"" introduced by the Social Justice and Empowerment Department offers financial assistance in the form of loans to Scheduled Caste individuals from Antyodaya families to purchase passenger auto rickshaws and enhance their livelihood opportunities.",,1.0,"Passenger Auto Rickshaw Loan Scheme (DAADC). The ""Passenger Auto Rickshaw Loan Scheme"" introduced by the Social Justice and Empowerment Department offers financial assistance in the form of loans to Scheduled Caste individuals from Antyodaya families to purchase passenger auto rickshaws and enhance their livelihood opportunities. Category: Banking,Financial Services and Insurance. Tags: Passenger Auto Rickshaw Loan, Antyodaya, Scheduled Caste, Employment."
psfgdlp,Pension Scheme for Grade II Deformed Leprosy Patients,PSFGDLP,State,Individual,Not specified (state scheme),Tripura,Health & Wellness;Social welfare & Empowerment,Leprosy;Patients;Pension;Financial Assistance,"The scheme ""Pension Scheme for Grade II Deformed Leprosy Patients"" is a Pension Scheme by the Directorate of Social Welfare and Social Education, Government of Tripura. The scheme provides financial assistance of ₹2,000/- per month to Leprosy Patients who are residents of Tripura.",,1.0,"Pension Scheme for Grade II Deformed Leprosy Patients. The scheme ""Pension Scheme for Grade II Deformed Leprosy Patients"" is a Pension Scheme by the Directorate of Social Welfare and Social Education, Government of Tripura. The scheme provides financial assistance of ₹2,000/- per month to Leprosy Patients who are residents of Tripura. Category: Health & Wellness, Social welfare & Empowerment. Tags: Leprosy, Patients, Pension, Financial Assistance."
casprescs,Coaching Assistance Scheme for Preparation of Recruitment Exams for Scheduled Caste Students,CASPRESCS,State,Individual,Not specified (state scheme),Gujarat,Education & Learning,Coaching Assistance;Preparation;Government Exams;Scheduled Caste;Student,"The scheme provides financial assistance to Students of SC category who are preparing for all State Government and Central Government Recruitment Examinations of Class– 1, 2 & 3 conducted by UPSC/GPSC/State Commission/Bank/LIC/Subordinate Services Selection Board/District Panchayat Selection Board.",,1.0,"Coaching Assistance Scheme for Preparation of Recruitment Exams for Scheduled Caste Students. The scheme provides financial assistance to Students of SC category who are preparing for all State Government and Central Government Recruitment Examinations of Class– 1, 2 & 3 conducted by UPSC/GPSC/State Commission/Bank/LIC/Subordinate Services Selection Board/District Panchayat Selection Board. Category: Education & Learning. Tags: Coaching Assistance, Preparation, Government Exams, Scheduled Caste, Student."
nsvsy,Namo Saraswati Vignan Sadhana Yojana,NSVSY,State,Individual,Not specified (state scheme),Gujarat,Education & Learning,Education;Student;Science Stream Scholarship,"The scheme ""Namo Saraswati Vignan Sadhana Yojana (8620)"" by the Education Department, Government of Gujarat, aims to promote science education by providing financial assistance to students enrolling in the science stream in Class 11th and 12th.",,1.0,"Namo Saraswati Vignan Sadhana Yojana. The scheme ""Namo Saraswati Vignan Sadhana Yojana (8620)"" by the Education Department, Government of Gujarat, aims to promote science education by providing financial assistance to students enrolling in the science stream in Class 11th and 12th. Category: Education & Learning. Tags: Education, Student, Science Stream Scholarship."
mvyspy,Mukhyamantri Vishesh Yogyajan Sammaan Pension Yojana,MVYSPY,State,Individual,Not specified (state scheme),Rajasthan,Social welfare & Empowerment,Pension;Financial;Old Age;Disability,"The ""Mukhyamantri Vishesh Yogyajan Samman Pension Yojana"" (MVSYS) stands as a testament to the commitment of the Government of Rajasthan towards the welfare of its citizens, particularly those with disabilities.",,1.0,"Mukhyamantri Vishesh Yogyajan Sammaan Pension Yojana. The ""Mukhyamantri Vishesh Yogyajan Samman Pension Yojana"" (MVSYS) stands as a testament to the commitment of the Government of Rajasthan towards the welfare of its citizens, particularly those with disabilities. Category: Social welfare & Empowerment. Tags: Pension, Financial, Old Age, Disability."
pmssbscc,Pre Matric Scholarship for Students belonging to Scheduled Caste Community,PMSSBSCC,State,Individual,Not specified (state scheme),Mizoram,Education & Learning,Mizoram;Scholarship;Scheduled Caste;Education;School,The scheme is to provide financial assistance to students belonging to the Scheduled caste community pursuing Post-Matriculation recognized courses in recognized institutions.,,1.0,"Pre Matric Scholarship for Students belonging to Scheduled Caste Community. The scheme is to provide financial assistance to students belonging to the Scheduled caste community pursuing Post-Matriculation recognized courses in recognized institutions. Category: Education & Learning. Tags: Mizoram, Scholarship, Scheduled Caste, Education, School."
ptc,Promotion of Tribal Culture,PTC,State,Individual,Not specified (state scheme),Assam,Sports & Culture,Culture;Heritage;Tribal;Literature;NGO,"The scheme provides financial grants (up to ₹3,00,000/- per organization) to registered NGOs/Trusts/Voluntary Organizations for promoting tribal culture among ST(P) communities in Assam's plain districts (outside BTC).",,1.0,"Promotion of Tribal Culture. The scheme provides financial grants (up to ₹3,00,000/- per organization) to registered NGOs/Trusts/Voluntary Organizations for promoting tribal culture among ST(P) communities in Assam's plain districts (outside BTC). Category: Sports & Culture. Tags: Culture, Heritage, Tribal, Literature, NGO."
jhst,Junior Hostel (Scheduled Tribes),JHST,State,Individual,Not specified (state scheme),Madhya Pradesh,Education & Learning,Education;Student;Scheduled Tribe;Hostel,"Launched on 1st January 1966, the scheme ""Junior Hostel"" by the Tribal Welfare and Scheduled Caste (SC) Department, Government of Madhya Pradesh provides free accommodation and mess facilities to students studying in classes 6th to 8th.",,1.0,"Junior Hostel (Scheduled Tribes). Launched on 1st January 1966, the scheme ""Junior Hostel"" by the Tribal Welfare and Scheduled Caste (SC) Department, Government of Madhya Pradesh provides free accommodation and mess facilities to students studying in classes 6th to 8th. Category: Education & Learning. Tags: Education, Student, Scheduled Tribe, Hostel."
cmsrdf,Chief Ministers Special Rural Development Fund (CMSRDF),CMSRDF,State,Infra,Not specified (state scheme),Meghalaya,"Agriculture,Rural & Environment",Construction Of Rural Roads;Footpaths;Footbridges;Hume Pipes,The primary objective of the program is to generate wage employment and creation of socially and economically useful public assets by involving peoples participation at the grassroots level. The schemes undertaken in the program are varied in nature and are selected by the MLA and NGOs.,,3.0,"Chief Ministers Special Rural Development Fund (CMSRDF). The primary objective of the program is to generate wage employment and creation of socially and economically useful public assets by involving peoples participation at the grassroots level. The schemes undertaken in the program are varied in nature and are selected by the MLA and NGOs. Category: Agriculture,Rural & Environment. Tags: Construction Of Rural Roads, Footpaths, Footbridges, Hume Pipes."
mmgky,Mukhyamantri Ghasyari Kalyan Yojana,MMGKY,State,Individual,Not specified (state scheme),Uttarakhand,"Agriculture,Rural & Environment",Silage;Animal Feed;Fodder;Livestock Farmer;Cattle Rearer,"The scheme aims to provide affordable and nutritious packed silage and total mixed animal feed to livestock farmers, especially women, in the remote hilly areas of Uttarakhand. Under this scheme, silage is made available to livestock farmers at a subsidized rate of ₹2.75 per kg.",,1.0,"Mukhyamantri Ghasyari Kalyan Yojana. The scheme aims to provide affordable and nutritious packed silage and total mixed animal feed to livestock farmers, especially women, in the remote hilly areas of Uttarakhand. Under this scheme, silage is made available to livestock farmers at a subsidized rate of ₹2.75 per kg. Category: Agriculture,Rural & Environment. Tags: Silage, Animal Feed, Fodder, Livestock Farmer, Cattle Rearer."
copy-of-vea,Spice Area Expansion,SAE,State,Individual,Not specified (state scheme),Uttarakhand,"Agriculture,Rural & Environment",Horticulture;Spice;Spice Seeds;Farmer,"The scheme aims to promote and expand the cultivation of high-value spices such as ginger, chili, turmeric, and garlic among farmers by providing quality seeds and tubers at a subsidized rate, thereby increasing spice production and enhancing farmers’ income in Uttarakhand.",,1.0,"Spice Area Expansion. The scheme aims to promote and expand the cultivation of high-value spices such as ginger, chili, turmeric, and garlic among farmers by providing quality seeds and tubers at a subsidized rate, thereby increasing spice production and enhancing farmers’ income in Uttarakhand. Category: Agriculture,Rural & Environment. Tags: Horticulture, Spice, Spice Seeds, Farmer."
bauuyabii,"Dr.Babasaheb Ambedkar Udyog Uday Yojana: Assistance to basic industrial infrastructure (Water, Gas and Approach Road)",BAUUYABII,State,Infra,Not specified (state scheme),Gujarat,Business & Entrepreneurship,Business;Entrepreneurship;MSMEs;Start Up;Scheduled Caste;Scheduled Tribe;Industrial Infrastructure,"The scheme ""Dr.Babasaheb Ambedkar Udyog Uday Yojana"" aims to support SC/ST entrepreneurs and strengthen MSMEs, making them globally competitive.",,3.0,"Dr.Babasaheb Ambedkar Udyog Uday Yojana: Assistance to basic industrial infrastructure (Water, Gas and Approach Road). The scheme ""Dr.Babasaheb Ambedkar Udyog Uday Yojana"" aims to support SC/ST entrepreneurs and strengthen MSMEs, making them globally competitive. Category: Business & Entrepreneurship. Tags: Business, Entrepreneurship, MSMEs, Start Up, Scheduled Caste, Scheduled Tribe, Industrial Infrastructure."
mssc,Mahila Samman Savings Certificate,MSSC,Central,Individual,Ministry Of Finance,All,"Banking,Financial Services and Insurance;Women and Child",Mahila;Woman;Girl;Saving;Investment,"The scheme “Mahila Samman Savings Certificate” was launched by the Department of Economic Affairs, Ministry of Finance to provide financial security to every girl and woman in India.",,1.0,"Mahila Samman Savings Certificate. The scheme “Mahila Samman Savings Certificate” was launched by the Department of Economic Affairs, Ministry of Finance to provide financial security to every girl and woman in India. Category: Banking,Financial Services and Insurance, Women and Child. Tags: Mahila, Woman, Girl, Saving, Investment."
sftfe,Scheme for the Funeral Expenses,SFTFE,State,Family,Not specified (state scheme),Andhra Pradesh,Social welfare & Empowerment,Financial Assistance;Funeral Expense;Construction Worker;Death,"The ""Scheme for the Funeral Expenses"" by the Andhra Pradesh Building & Other Construction Workers Welfare Board provides financial support to the family of a registered building and construction worker in the event of their death, whether due to natural causes or an accident.",,2.0,"Scheme for the Funeral Expenses. The ""Scheme for the Funeral Expenses"" by the Andhra Pradesh Building & Other Construction Workers Welfare Board provides financial support to the family of a registered building and construction worker in the event of their death, whether due to natural causes or an accident. Category: Social welfare & Empowerment. Tags: Financial Assistance, Funeral Expense, Construction Worker, Death."
pmv,PM Vishwakarma,PMV,Central,Individual,"Ministry Of Micro, Small and Medium Enterprises",All,Business & Entrepreneurship;Skills & Employment,Artisans;Craftspeople;Skill Upgradation;Toolkit Incentive,"The scheme ""PM Vishwakarma "" by the Ministry of Micro, Small & Medium Enterprises, is a new scheme that envisages providing end-to-end holistic support to traditional artisans and craftspeople in scaling up their conventional products and services.",,1.0,"PM Vishwakarma. The scheme ""PM Vishwakarma "" by the Ministry of Micro, Small & Medium Enterprises, is a new scheme that envisages providing end-to-end holistic support to traditional artisans and craftspeople in scaling up their conventional products and services. Category: Business & Entrepreneurship, Skills & Employment. Tags: Artisans, Craftspeople, Skill Upgradation, Toolkit Incentive."
wbedrj,Widow B.Ed Scheme-Rajasthan,WBEDRJ,State,Individual,Not specified (state scheme),Rajasthan,Education & Learning;Women and Child,Student;Empowerment;Higher Education;Abandoned Women,"In 2015-16, Rajasthan State started the ""Widow B.Ed Scheme"" for Widow/abandoned women.",,1.0,"Widow B.Ed Scheme-Rajasthan. In 2015-16, Rajasthan State started the ""Widow B.Ed Scheme"" for Widow/abandoned women. Category: Education & Learning, Women and Child. Tags: Student, Empowerment, Higher Education, Abandoned Women."
jjoaps,Jai Johar (Old Age Pension) Scheme,JJOAPS,State,Individual,Not specified (state scheme),West Bengal,"Banking,Financial Services and Insurance;Social welfare & Empowerment",Pension;Senior Citizen;Social Welfare;Financial Assistance;Scheduled Tribe,"“Jai Johar (Old Age Pension)” is a Social Security Scheme by the Tribal Development Dept, Govt of West Bengal. The scheme is aimed at the ST residents of West Bengal of the age of 60 years and above. A monthly pension of ₹ 1,000/- is transferred to the individual bank account of the beneficiary.",,1.0,"Jai Johar (Old Age Pension) Scheme. “Jai Johar (Old Age Pension)” is a Social Security Scheme by the Tribal Development Dept, Govt of West Bengal. The scheme is aimed at the ST residents of West Bengal of the age of 60 years and above. A monthly pension of ₹ 1,000/- is transferred to the individual bank account of the beneficiary. Category: Banking,Financial Services and Insurance, Social welfare & Empowerment. Tags: Pension, Senior Citizen, Social Welfare, Financial Assistance, Scheduled Tribe."
bty,Balram Talab Yojana,BTY,State,Individual,Not specified (state scheme),Madhya Pradesh,"Agriculture,Rural & Environment",Farmer;Irrigation;Subsidy;Water;Construction,"The scheme aims to conserve rainwater in fields to help farmers, ensuring water availability during irrigation and drought conditions. Farmers receive subsidies up to ₹1,00,000/- for pond construction.",,1.0,"Balram Talab Yojana. The scheme aims to conserve rainwater in fields to help farmers, ensuring water availability during irrigation and drought conditions. Farmers receive subsidies up to ₹1,00,000/- for pond construction. Category: Agriculture,Rural & Environment. Tags: Farmer, Irrigation, Subsidy, Water, Construction."
mmmy,Mukhyamantri Madad Yojana,MMMY,State,Infra,Not specified (state scheme),Madhya Pradesh,Social welfare & Empowerment,Scheduled Tribe;Birth;Death;Food Grains;Cooking Utensils;Help,"Under this scheme, a Scheduled Tribe family receives 50kg of wheat or rice and cooking utensils from the Panchayat upon the birth of a child. In the event of a family member's death, the family is provided with 1 quintal of wheat or rice.",,3.0,"Mukhyamantri Madad Yojana. Under this scheme, a Scheduled Tribe family receives 50kg of wheat or rice and cooking utensils from the Panchayat upon the birth of a child. In the event of a family member's death, the family is provided with 1 quintal of wheat or rice. Category: Social welfare & Empowerment. Tags: Scheduled Tribe, Birth, Death, Food Grains, Cooking Utensils, Help."
maftcwsbw,Medical Assistance for the Construction Worker,MAFTCWSBW,State,Individual,Not specified (state scheme),Sikkim,Social welfare & Empowerment;Health & Wellness,Labour;Medical Support;Construction Workers;Financial Assistance,"The ""Medical Assistance for the Construction Workers"" by the Sikkim BOCW Welfare Board, Labour Department, is a welfare scheme of the board that provides medical expenses for the treatment of the registered beneficiary and /or his dependents.",,1.0,"Medical Assistance for the Construction Worker. The ""Medical Assistance for the Construction Workers"" by the Sikkim BOCW Welfare Board, Labour Department, is a welfare scheme of the board that provides medical expenses for the treatment of the registered beneficiary and /or his dependents. Category: Social welfare & Empowerment, Health & Wellness. Tags: Labour, Medical Support, Construction Workers, Financial Assistance."
fasetdp,Financial Assistance To Self-Employment For Trained Disabled Persons,FASETDP,State,Individual,Not specified (state scheme),Maharashtra,Social welfare & Empowerment;Skills & Employment,Persons With Disability;Social Welfare;Employment;Financial Assistance,"The ""Financial Assistance to Self-Employment for Trained Disabled Persons"" is a scheme by the Govt. of Maharashtra. The objective of this scheme is to provide financial assistance to facilitate the purchase of equipment for those disabled persons who are completing their vocational training.",,1.0,"Financial Assistance To Self-Employment For Trained Disabled Persons. The ""Financial Assistance to Self-Employment for Trained Disabled Persons"" is a scheme by the Govt. of Maharashtra. The objective of this scheme is to provide financial assistance to facilitate the purchase of equipment for those disabled persons who are completing their vocational training. Category: Social welfare & Empowerment, Skills & Employment. Tags: Persons With Disability, Social Welfare, Employment, Financial Assistance."
rgkny,Rajiv Gandhi Kisan Nyay Yojana,Rgkny,State,Individual,Not specified (state scheme),Chhattisgarh,"Agriculture,Rural & Environment",Agriculture;Farmers;Paddy;Maize,"Rajiv Gandhi Kisan Nyay Yojana is a scheme of the Government of Chhattisgarh for the farmers. This scheme was launched on 21 May 2020, on the death anniversary of Rajiv Gandhi.",,1.0,"Rajiv Gandhi Kisan Nyay Yojana. Rajiv Gandhi Kisan Nyay Yojana is a scheme of the Government of Chhattisgarh for the farmers. This scheme was launched on 21 May 2020, on the death anniversary of Rajiv Gandhi. Category: Agriculture,Rural & Environment. Tags: Agriculture, Farmers, Paddy, Maize."
qcas,Quality Certification Assistance Scheme,QCAS,State,Infra,Not specified (state scheme),Haryana,Business & Entrepreneurship,Business;Certification Subsidy;Industries Department;Quality Support,"This scheme provides financial assistance to Micro, Small, and Medium Enterprises (MSMEs) in Haryana for obtaining quality certifications such as ISO, HACCP, BSI, WHO-GMP, ZED, TS, and Hallmark. It aims to promote quality standards and enhance competitiveness among MSMEs.",,3.0,"Quality Certification Assistance Scheme. This scheme provides financial assistance to Micro, Small, and Medium Enterprises (MSMEs) in Haryana for obtaining quality certifications such as ISO, HACCP, BSI, WHO-GMP, ZED, TS, and Hallmark. It aims to promote quality standards and enhance competitiveness among MSMEs. Category: Business & Entrepreneurship. Tags: Business, Certification Subsidy, Industries Department, Quality Support."
easppsccwrmbocwwb,Educational Assistance (Scheme for the Pre-Matric and Post-Matric Scholarship to Children of Construction Workers Registered with the MBOCWWB),EA(SPPSCCWRMBOCWWB),State,Individual,Not specified (state scheme),Meghalaya,Education & Learning;Social welfare & Empowerment,Educational Assistance;Pre-Matric;Post-Matric;Scholarship;Building Worker;Construction Worker;Student;Labour,The scheme provides scholarships in the form of financial assistance to children of construction workers registered under the Board. These scholarships will be applicable for courses of study specified by the Board from time to time.,,1.0,"Educational Assistance (Scheme for the Pre-Matric and Post-Matric Scholarship to Children of Construction Workers Registered with the MBOCWWB). The scheme provides scholarships in the form of financial assistance to children of construction workers registered under the Board. These scholarships will be applicable for courses of study specified by the Board from time to time. Category: Education & Learning, Social welfare & Empowerment. Tags: Educational Assistance, Pre-Matric, Post-Matric, Scholarship, Building Worker, Construction Worker, Student, Labour."
pfphmva,Promoting to Farmer for Post Harvesting & Management (Value Addition),PFPHMVA,State,Infra,Not specified (state scheme),Gujarat,"Agriculture,Rural & Environment",Agriculture;Farmer;Post Harvesting Technology,"This scheme has been introduced by the Agriculture, Farmers Welfare and Cooperation Department, Gujarat. It aims to support farmers in setting up crop value addition units using post-harvesting technology and management concepts.",,3.0,"Promoting to Farmer for Post Harvesting & Management (Value Addition). This scheme has been introduced by the Agriculture, Farmers Welfare and Cooperation Department, Gujarat. It aims to support farmers in setting up crop value addition units using post-harvesting technology and management concepts. Category: Agriculture,Rural & Environment. Tags: Agriculture, Farmer, Post Harvesting Technology."
lssas,Ladli Social Security Allowance Scheme,LSSAS,State,Family,Not specified (state scheme),Haryana,Social welfare & Empowerment,Social Security;Girl;Allowance;Financial Assistance;Daughter;Allowance,"Launched on 1st January 2006, the “Ladli Social Security Allowance Scheme” is a flagship social-security scheme by the Department of Social Justice and Empowerment, Government of Haryana. The family receives ₹2,750/- per month for 15 years after either of the two parents completes 45 years of age.",,2.0,"Ladli Social Security Allowance Scheme. Launched on 1st January 2006, the “Ladli Social Security Allowance Scheme” is a flagship social-security scheme by the Department of Social Justice and Empowerment, Government of Haryana. The family receives ₹2,750/- per month for 15 years after either of the two parents completes 45 years of age. Category: Social welfare & Empowerment. Tags: Social Security, Girl, Allowance, Financial Assistance, Daughter, Allowance."
mrf,Mizoram Research Fellowship,MRF,State,Individual,Not specified (state scheme),Mizoram,Education & Learning,Fellowship;PhD;Research;Postgraduation,"The ""Mizoram Research Fellowship"" aims to provide financial assistance to research workers and teachers, preferably below the age of 45 years, who have established their reputation for research OR have obtained a doctorate degree OR have published research work to their credit.",,1.0,"Mizoram Research Fellowship. The ""Mizoram Research Fellowship"" aims to provide financial assistance to research workers and teachers, preferably below the age of 45 years, who have established their reputation for research OR have obtained a doctorate degree OR have published research work to their credit. Category: Education & Learning. Tags: Fellowship, PhD, Research, Postgraduation."
tpehw,Training Program for A-HELP Women Workers - Uttarakhand Livestock Development Board,TPAHWW,State,Individual,Not specified (state scheme),Uttarakhand,"Skills & Employment;Agriculture,Rural & Environment;Women and Child",Training;A-Health Worker;Animal Husbandry;Self-Help Group;Woman;Pashu Sakhi;A-HELP,The scheme aims to provide community-service-based skill development and employment opportunities for women in the field of animal husbandry. Eligible women members of Self-Help Groups under the Uttarakhand State Rural Livelihood Mission can apply.,,1.0,"Training Program for A-HELP Women Workers - Uttarakhand Livestock Development Board. The scheme aims to provide community-service-based skill development and employment opportunities for women in the field of animal husbandry. Eligible women members of Self-Help Groups under the Uttarakhand State Rural Livelihood Mission can apply. Category: Skills & Employment, Agriculture,Rural & Environment, Women and Child. Tags: Training, A-Health Worker, Animal Husbandry, Self-Help Group, Woman, Pashu Sakhi, A-HELP."
pvcppd,Purchase of Vehicle for Commercial Hiring Purpose for Persons with Disabilities,PVCPPD,State,Individual,Not specified (state scheme),Haryana,"Banking,Financial Services and Insurance;Business & Entrepreneurship",Vehicle;Commercial Hiring;PwD;Disability;Loan,"Under the scheme, loans are provided to differently-abled persons for commercial hiring purposes up to ₹10.00 lakhs, and for the purchase of special category vehicles like JCBs, trucks, road rollers, etc., loans up to ₹25.00 lakhs are available.",,1.0,"Purchase of Vehicle for Commercial Hiring Purpose for Persons with Disabilities. Under the scheme, loans are provided to differently-abled persons for commercial hiring purposes up to ₹10.00 lakhs, and for the purchase of special category vehicles like JCBs, trucks, road rollers, etc., loans up to ₹25.00 lakhs are available. Category: Banking,Financial Services and Insurance, Business & Entrepreneurship. Tags: Vehicle, Commercial Hiring, PwD, Disability, Loan."
nassvsbulbpsfsc,National Award For Senior Citizens (vayoshreshtha Samman): Best Urban Local Body In Providing Services And Facilities To Senior Citizens,NASSVSBULBPSFSC,Central,Infra,Ministry Of Social Justice and Empowerment,All,Social welfare & Empowerment,Award;Institution;Senior Citizen;Urban Local Body;ULB;Social Welfare,"The ""Vayoshreshtha Samman: Best Urban Local Body in Providing Services and Facilities to Senior Citizens"" award shall be given to municipal bodies, which have done outstanding work for senior citizens. The awards are conferred on 1st Oct by the Hon’ble President of India at Vigyan Bhawan, Delhi.",,3.0,"National Award For Senior Citizens (vayoshreshtha Samman): Best Urban Local Body In Providing Services And Facilities To Senior Citizens. The ""Vayoshreshtha Samman: Best Urban Local Body in Providing Services and Facilities to Senior Citizens"" award shall be given to municipal bodies, which have done outstanding work for senior citizens. The awards are conferred on 1st Oct by the Hon’ble President of India at Vigyan Bhawan, Delhi. Category: Social welfare & Empowerment. Tags: Award, Institution, Senior Citizen, Urban Local Body, ULB, Social Welfare."
astpss,AICTE SHORT TERM TRAINING PROGRAMME-SFURTI SCHEME,ASTPSS,Central,Infra,Ministry of Education,All,Education & Learning,Trainings;Financial Assistance;AICTE,Short Term Training Programme-SFURTI Program aims to provide financial assistance from AICTE to the institutions for conducting faculty and student trainings to enable faculty members and students in the field of technical education.,,3.0,"AICTE SHORT TERM TRAINING PROGRAMME-SFURTI SCHEME. Short Term Training Programme-SFURTI Program aims to provide financial assistance from AICTE to the institutions for conducting faculty and student trainings to enable faculty members and students in the field of technical education. Category: Education & Learning. Tags: Trainings, Financial Assistance, AICTE."
svby,Shri Vajpayee Bankable Yojana,SVBY,State,Individual,Not specified (state scheme),Gujarat,"Banking,Financial Services and Insurance",Vajpayee;Bankable,"A scheme for providing financial assistance to the craftsmen of Cottage Industries through Nationalised Banks, Cooperative banks, Public sector Banks or Private Banks.",,1.0,"Shri Vajpayee Bankable Yojana. A scheme for providing financial assistance to the craftsmen of Cottage Industries through Nationalised Banks, Cooperative banks, Public sector Banks or Private Banks. Category: Banking,Financial Services and Insurance. Tags: Vajpayee, Bankable."
fapbnia,Financial Assistance for Purchase of Barrier Net and its Accessories,FAPBNIA,State,Individual,Not specified (state scheme),Goa,"Agriculture,Rural & Environment",Fishermen;Fish;Subsidy;Financial Assistance,"“Financial Assistance for Purchase of Barrier Net and its Accessories” is a scheme by Dept. of Fisheries, Govt. of Goa. Under this Scheme financial assistance is provided as a subsidy on the purchase of barrier nets and accessories for the fishermen. The applications are accepted offline.",,1.0,"Financial Assistance for Purchase of Barrier Net and its Accessories. “Financial Assistance for Purchase of Barrier Net and its Accessories” is a scheme by Dept. of Fisheries, Govt. of Goa. Under this Scheme financial assistance is provided as a subsidy on the purchase of barrier nets and accessories for the fishermen. The applications are accepted offline. Category: Agriculture,Rural & Environment. Tags: Fishermen, Fish, Subsidy, Financial Assistance."
sbssps,Shravanbal Seva State Pension Scheme,SBSSPS,State,Individual,Not specified (state scheme),Maharashtra,"Social welfare & Empowerment;Banking,Financial Services and Insurance",Pension;Financial Assistance;Destitute;Below Poverty Line;Senior Citizen,"The ""Shravanbal Seva State Pension Scheme"" is a Pension Scheme by the Department of Social Justice & Special Assistance, Govt. of Maharashtra. In this scheme, a monthly pension of ₹ 600/- is provided to destitute persons in the state of Maharashtra.",,1.0,"Shravanbal Seva State Pension Scheme. The ""Shravanbal Seva State Pension Scheme"" is a Pension Scheme by the Department of Social Justice & Special Assistance, Govt. of Maharashtra. In this scheme, a monthly pension of ₹ 600/- is provided to destitute persons in the state of Maharashtra. Category: Social welfare & Empowerment, Banking,Financial Services and Insurance. Tags: Pension, Financial Assistance, Destitute, Below Poverty Line, Senior Citizen."
gmgmach,Grant of Mahatma Gandhi Memorial Award for Clean Houses,GMGMACH,State,Individual,Not specified (state scheme),Puducherry,Utility & Sanitation;Social welfare & Empowerment,House;Grant;Clean;Sanitation;Waste,"“Grant of Mahatma Gandhi Memorial Award for Clean Houses” was introduced by the Adi Dravidar Welfare Dept, Govt of Puducherry. The objective of the scheme is to motivate the Scheduled Caste people to keep their houses neat and tidy. Incentives are in the form of household articles worth ₹500/-.",,1.0,"Grant of Mahatma Gandhi Memorial Award for Clean Houses. “Grant of Mahatma Gandhi Memorial Award for Clean Houses” was introduced by the Adi Dravidar Welfare Dept, Govt of Puducherry. The objective of the scheme is to motivate the Scheduled Caste people to keep their houses neat and tidy. Incentives are in the form of household articles worth ₹500/-. Category: Utility & Sanitation, Social welfare & Empowerment. Tags: House, Grant, Clean, Sanitation, Waste."
rhc,"Registration of Herb Cultivators - Herbal Research and Development Institute, Uttarakhand",RHC,State,Individual,Not specified (state scheme),Uttarakhand,"Agriculture,Rural & Environment",Herbal;Herbs;Herb Cultivator;Registration,"It aims to register cultivators who grow medicinal and aromatic plants, make the process of using their cultivated herbs easier, and stop the illegal collection of herbs from forests.",,1.0,"Registration of Herb Cultivators - Herbal Research and Development Institute, Uttarakhand. It aims to register cultivators who grow medicinal and aromatic plants, make the process of using their cultivated herbs easier, and stop the illegal collection of herbs from forests. Category: Agriculture,Rural & Environment. Tags: Herbal, Herbs, Herb Cultivator, Registration."
mcty,Motorcycle Taxi Yojana,MCTY,State,Individual,Not specified (state scheme),Uttarakhand,Business & Entrepreneurship,Motorcycle;Taxi;Self-Employment;Scooter;Interest-Free Loan,"The scheme aims to promote self-employment among the residents of Uttarakhand by providing interest-free loans for purchasing motorcycles or scooters to operate as motorcycle taxis, thereby enhancing tourism connectivity and generating livelihood opportunities in the state.",,1.0,"Motorcycle Taxi Yojana. The scheme aims to promote self-employment among the residents of Uttarakhand by providing interest-free loans for purchasing motorcycles or scooters to operate as motorcycle taxis, thereby enhancing tourism connectivity and generating livelihood opportunities in the state. Category: Business & Entrepreneurship. Tags: Motorcycle, Taxi, Self-Employment, Scooter, Interest-Free Loan."
fae-c,Financial Assistance To Ex-Convicts,FAE-C,State,Individual,Not specified (state scheme),Kerala,Social welfare & Empowerment;Business & Entrepreneurship,Ex-Convict;Financial Assistance;Jail;BPL;Self-employment,"The scheme “Financial Assistance to Ex-Convicts” was launched by the Department of Social Justice, Government of Kerala. This scheme is implemented by the Department of Social Justice to help those released from jail from poor economic conditions to find their livelihood.",,1.0,"Financial Assistance To Ex-Convicts. The scheme “Financial Assistance to Ex-Convicts” was launched by the Department of Social Justice, Government of Kerala. This scheme is implemented by the Department of Social Justice to help those released from jail from poor economic conditions to find their livelihood. Category: Social welfare & Empowerment, Business & Entrepreneurship. Tags: Ex-Convict, Financial Assistance, Jail, BPL, Self-employment."
mspykm,Mukhyamantri Sampoorna Pushti Yojana: Kishori Mela,MSPYKM,State,Individual,Not specified (state scheme),Odisha,Women and Child,Adolescent Girls;Kishori Mela;Kishori Diwas;Girl,"This initiative aims to make Kishori Diwas more engaging and eventful. Any Saturday in the month of January may be celebrated as “Kishori Mela”, with increased participation and a range of activities for all adolescent girls aged 15 - 19 years.",,1.0,"Mukhyamantri Sampoorna Pushti Yojana: Kishori Mela. This initiative aims to make Kishori Diwas more engaging and eventful. Any Saturday in the month of January may be celebrated as “Kishori Mela”, with increased participation and a range of activities for all adolescent girls aged 15 - 19 years. Category: Women and Child. Tags: Adolescent Girls, Kishori Mela, Kishori Diwas, Girl."
wwhh,Working Women Hostel,WWHH,State,,Not specified (state scheme),Haryana,Women and Child,Accommodation;Hostel Facility;Working Women;Women Empowerment,"The scheme ""Working Women Hostel"" by the Women and Child Development Department, Government of Haryana aims to provide safe and affordable accommodation to working women. Through this scheme, hostel facilities at subsidized rent are provided to employed women.",,,"Working Women Hostel. The scheme ""Working Women Hostel"" by the Women and Child Development Department, Government of Haryana aims to provide safe and affordable accommodation to working women. Through this scheme, hostel facilities at subsidized rent are provided to employed women. Category: Women and Child. Tags: Accommodation, Hostel Facility, Working Women, Women Empowerment."
aks,Akanksha Scheme,AKS,State,Individual,Not specified (state scheme),Madhya Pradesh,Education & Learning,NEET;AIIMS;JEE;CLET;Entrance Exam,"According to the plan of the Government of Madhya Pradesh, Tribal Affairs Department, the target is to provide coaching to the scheduled tribe students of the state for the preparation of national entrance examination (JEE, NEET / AIIMS, CLET) from reputed coaching institutes in division headquarter",,1.0,"Akanksha Scheme. According to the plan of the Government of Madhya Pradesh, Tribal Affairs Department, the target is to provide coaching to the scheduled tribe students of the state for the preparation of national entrance examination (JEE, NEET / AIIMS, CLET) from reputed coaching institutes in division headquarter Category: Education & Learning. Tags: NEET, AIIMS, JEE, CLET, Entrance Exam."
hksadmmyghkdms,Hita-dhikaari Ke Samanye Athava Durghatana Me Mrityu Ya Ghayal Hone Ki Dasha Me Sahayata Yojana,HKSMD,State,Individual,Not specified (state scheme),Rajasthan,Health & Wellness;Social welfare & Empowerment,Financial Assistance;Constrution Worker;Health & Wellness;Workers,"By the labor department of Rajasthan started ""Hita-Dhikaari Ke Samanye Athava Durghatana Me Mrityu Ya Ghayal Hone Ki Dasha Me Sahayata Yojana"" for the construction workers.",,1.0,"Hita-dhikaari Ke Samanye Athava Durghatana Me Mrityu Ya Ghayal Hone Ki Dasha Me Sahayata Yojana. By the labor department of Rajasthan started ""Hita-Dhikaari Ke Samanye Athava Durghatana Me Mrityu Ya Ghayal Hone Ki Dasha Me Sahayata Yojana"" for the construction workers. Category: Health & Wellness, Social welfare & Empowerment. Tags: Financial Assistance, Constrution Worker, Health & Wellness, Workers."
ams,AICTE-Margdarshan scheme,AMS,Central,Infra,Ministry of Education,All,Education & Learning,Technical Education;Grant-in-aid;Mentor Institute;Mentee Beneficiary Institutes,Margdarshan Initiative has been introduced by All India Council for Technical Education in 2018 for facilitating the technical institutes in order to improve the quality of technical education as a whole through accreditation by providing access to the facilities available in host institute.,,3.0,"AICTE-Margdarshan scheme. Margdarshan Initiative has been introduced by All India Council for Technical Education in 2018 for facilitating the technical institutes in order to improve the quality of technical education as a whole through accreditation by providing access to the facilities available in host institute. Category: Education & Learning. Tags: Technical Education, Grant-in-aid, Mentor Institute, Mentee Beneficiary Institutes."
pmmsyelrasguj,Pradhan Mantri Matsya Sampada Yojana (PMMSY-Inland): Establishment of Large RAS Culture System Gujarat,PMMSYELRASGUJ,State,Individual,Not specified (state scheme),Gujarat,"Agriculture,Rural & Environment",Fish Farming;Biofloc;Recirculating Aquaculture System;Employment;Large RAS,"The scheme provides financial assistance for various inland fisheries activities, including the establishment of large Recirculating Aquaculture Systems (RAS), and is provided to individuals, societies, self-help groups, associations, reservoir leaseholders, and private entities.",,1.0,"Pradhan Mantri Matsya Sampada Yojana (PMMSY-Inland): Establishment of Large RAS Culture System Gujarat. The scheme provides financial assistance for various inland fisheries activities, including the establishment of large Recirculating Aquaculture Systems (RAS), and is provided to individuals, societies, self-help groups, associations, reservoir leaseholders, and private entities. Category: Agriculture,Rural & Environment. Tags: Fish Farming, Biofloc, Recirculating Aquaculture System, Employment, Large RAS."
jsbcpmss,Jharkhand State Backward Classes Post-Matric Scholarship Scheme,JSBCPMSS,State,Individual,Not specified (state scheme),Jharkhand,Education & Learning,Scholarship;Student;Backward Classes;Post-Matric,"The ""Jharkhand State Backward Classes Post-Matric Scholarship Scheme"" aims to promote higher education among OBC students in Jharkhand. The scheme provides financial assistance to students pursuing professional and academic courses at the post-matriculation level.",,1.0,"Jharkhand State Backward Classes Post-Matric Scholarship Scheme. The ""Jharkhand State Backward Classes Post-Matric Scholarship Scheme"" aims to promote higher education among OBC students in Jharkhand. The scheme provides financial assistance to students pursuing professional and academic courses at the post-matriculation level. Category: Education & Learning. Tags: Scholarship, Student, Backward Classes, Post-Matric."
labs-glwb,Labour Accident benefit Scheme- Gujarat Labour Welfare Board,LABS-GLWB,State,Individual,Not specified (state scheme),Gujarat,Social welfare & Empowerment,Accident;Shramyogi;Labour;Industrial Worker;Organized Worker;Disability;Financial Support,"Under the scheme, financial assistance is provided to workers (Shramyogis) who become disabled during their duty period due to an accident or any other reason at the working premises of the establishment.",,1.0,"Labour Accident benefit Scheme- Gujarat Labour Welfare Board. Under the scheme, financial assistance is provided to workers (Shramyogis) who become disabled during their duty period due to an accident or any other reason at the working premises of the establishment. Category: Social welfare & Empowerment. Tags: Accident, Shramyogi, Labour, Industrial Worker, Organized Worker, Disability, Financial Support."
isss-oap,Integrated Social Security Scheme - Old Age Pension,ISSS-OAP,State,Individual,Not specified (state scheme),Jammu and Kashmir,Social welfare & Empowerment,Pension;Senior Citizen;Social Welfare,ISSS-OAP is a State Sponsored Scheme by the Social Welfare Dept. of the Govt. of Jammu and Kashmir wherein financial assistance is provided to Old Age Persons who have meager support or no source of livelihood. A pension of ₹1000 per pensioner per month is deposited directly into their Bank Account.,,1.0,"Integrated Social Security Scheme - Old Age Pension. ISSS-OAP is a State Sponsored Scheme by the Social Welfare Dept. of the Govt. of Jammu and Kashmir wherein financial assistance is provided to Old Age Persons who have meager support or no source of livelihood. A pension of ₹1000 per pensioner per month is deposited directly into their Bank Account. Category: Social welfare & Empowerment. Tags: Pension, Senior Citizen, Social Welfare."
pofs,Production of Foundation Seeds,POFS,State,Individual,Not specified (state scheme),Tamil Nadu,"Agriculture,Rural & Environment",Agriculture;Farmer;Seed Production;Foundation Seeds,"The ""Production of Foundation Seeds"" scheme, provides subsidies to farmers cultivating seed farms for pulses, offering specific benefits to SC/ST farmers and farm women.",,1.0,"Production of Foundation Seeds. The ""Production of Foundation Seeds"" scheme, provides subsidies to farmers cultivating seed farms for pulses, offering specific benefits to SC/ST farmers and farm women. Category: Agriculture,Rural & Environment. Tags: Agriculture, Farmer, Seed Production, Foundation Seeds."
daynulsepuk,Deen Dayal Antyodaya Yojana - National Urban Livelihoods Mission (DAY-NULM): Self-Employment Programme – Uttarakhand,DAYNULSEPUK,State,Individual,Not specified (state scheme),Uttarakhand,Skills & Employment,Self-Employment;Livelihood;Urban Area;Employment;Interest Subsidy,"The scheme aims to promote sustainable livelihoods and economic empowerment of the urban poor by providing financial support and guidance for establishing self-employment ventures, strengthening their family’s economy, and generating new employment opportunities.",,1.0,"Deen Dayal Antyodaya Yojana - National Urban Livelihoods Mission (DAY-NULM): Self-Employment Programme – Uttarakhand. The scheme aims to promote sustainable livelihoods and economic empowerment of the urban poor by providing financial support and guidance for establishing self-employment ventures, strengthening their family’s economy, and generating new employment opportunities. Category: Skills & Employment. Tags: Self-Employment, Livelihood, Urban Area, Employment, Interest Subsidy."
lrsgd,Lease Rental Rebate Scheme for Goan Diaspora,LRSGD,State,Infra,Not specified (state scheme),Goa,Business & Entrepreneurship,Lease;Rent;Reimbursement;Business;Company,"The ""Lease Rental Rebate Scheme for Goan Diaspora"" is one of the ""IT Policy Schemes"" by the Dept of IT, Govt of Goa. The objective is to provide Lease Rental Rebate for Goan Diaspora. A 100% reimbursement of the lease rentals will be provided for a period of first 6 months of operations.",,3.0,"Lease Rental Rebate Scheme for Goan Diaspora. The ""Lease Rental Rebate Scheme for Goan Diaspora"" is one of the ""IT Policy Schemes"" by the Dept of IT, Govt of Goa. The objective is to provide Lease Rental Rebate for Goan Diaspora. A 100% reimbursement of the lease rentals will be provided for a period of first 6 months of operations. Category: Business & Entrepreneurship. Tags: Lease, Rent, Reimbursement, Business, Company."
spc,Shooting Permission Certificate,SPC,State,Individual,Not specified (state scheme),Uttarakhand,Sports & Culture,Shooting;Film;Film Producer,"The scheme aims to simplify the process of granting official permission for film shooting in Uttarakhand through a single-window online system, ensuring timely approvals and promoting the state as a film-friendly destination.",,1.0,"Shooting Permission Certificate. The scheme aims to simplify the process of granting official permission for film shooting in Uttarakhand through a single-window online system, ensuring timely approvals and promoting the state as a film-friendly destination. Category: Sports & Culture. Tags: Shooting, Film, Film Producer."
wbsaboojsathi,Sabooj Sathi,WBSABOOJSATHI,State,,Not specified (state scheme),West Bengal,Social welfare & Empowerment,Sabooj Sathi Scheme West Bengal Government;Student Welfare;Bicycles Distribution;Empowerment;Social Inclusion;Free Transportation;Sustainable Development,"The Sabooj Sathi Scheme is a student welfare initiative launched by the government of West Bengal, India, to provide bicycles to students in the state. Under the scheme, bicycles are distributed free of cost to students studying in government and government-aided schools from classes IX to XII.",,,"Sabooj Sathi. The Sabooj Sathi Scheme is a student welfare initiative launched by the government of West Bengal, India, to provide bicycles to students in the state. Under the scheme, bicycles are distributed free of cost to students studying in government and government-aided schools from classes IX to XII. Category: Social welfare & Empowerment. Tags: Sabooj Sathi Scheme West Bengal Government, Student Welfare, Bicycles Distribution, Empowerment, Social Inclusion, Free Transportation, Sustainable Development."
rvy,Raah-Veer Yojana,RVY,State,Individual,Not specified (state scheme),Madhya Pradesh,"Public Safety,Law & Justice",Citizens;Award;Financial Assistance;Accident;Save Lives,"The scheme encourages citizens to help road accident victims during emergencies by providing a ₹25,000 incentive to individuals who save lives through timely medical assistance.",,1.0,"Raah-Veer Yojana. The scheme encourages citizens to help road accident victims during emergencies by providing a ₹25,000 incentive to individuals who save lives through timely medical assistance. Category: Public Safety,Law & Justice. Tags: Citizens, Award, Financial Assistance, Accident, Save Lives."
tgsieis,The Goa State Incentives to Encourage Investments Scheme,TGSIEIS,State,Individual,Not specified (state scheme),Goa,Business & Entrepreneurship;Skills & Employment,Enterprise;Investment;Employment;Manufacture;Entrepreneur,"The scheme aims to create sustainable employment, accelerate investment, and support environmentally sustainable industrial development in Goa. It provides financial assistance and incentives under separate target schemes to new and existing Micro, Small, Medium, and Large manufacturing units.",,1.0,"The Goa State Incentives to Encourage Investments Scheme. The scheme aims to create sustainable employment, accelerate investment, and support environmentally sustainable industrial development in Goa. It provides financial assistance and incentives under separate target schemes to new and existing Micro, Small, Medium, and Large manufacturing units. Category: Business & Entrepreneurship, Skills & Employment. Tags: Enterprise, Investment, Employment, Manufacture, Entrepreneur."
jsskmp,Janani Shishu Suraksha Karyakram Madhya Pradesh,JSSKMP,State,Individual,Not specified (state scheme),Madhya Pradesh,Women and Child;Health & Wellness,Pregnancy;Women;Free Healthcare;Medicines;Diagnostics;Newborn;Diet,"The scheme aims to provide free healthcare services to pregnant women and infants up to one year of age, including free treatment, medicines, diet, and transport facilities in government hospitals.",,1.0,"Janani Shishu Suraksha Karyakram Madhya Pradesh. The scheme aims to provide free healthcare services to pregnant women and infants up to one year of age, including free treatment, medicines, diet, and transport facilities in government hospitals. Category: Women and Child, Health & Wellness. Tags: Pregnancy, Women, Free Healthcare, Medicines, Diagnostics, Newborn, Diet."
pbwb,Pension Benefit,PBWB,State,Individual,Not specified (state scheme),West Bengal,Social welfare & Empowerment,Labour;Building Worker;Construction Worker;Pension;Nominee,"The ""Pension Benefit'' scheme by the BOCW Welfare Board, Labour Department,West Bengal, is a welfare scheme that provides a monthly pension after completion of 60 years to the eligible registered member.",,1.0,"Pension Benefit. The ""Pension Benefit'' scheme by the BOCW Welfare Board, Labour Department,West Bengal, is a welfare scheme that provides a monthly pension after completion of 60 years to the eligible registered member. Category: Social welfare & Empowerment. Tags: Labour, Building Worker, Construction Worker, Pension, Nominee."
dccbfhl,"District Central Cooperative Banks and through its Branches: For Housing, House Construction, Repair Extension Loan",DCCBFHL,State,Individual,Not specified (state scheme),Tamil Nadu,"Banking,Financial Services and Insurance",Housing;Construction;Repair Extension;Loan,"The scheme offers loans up to ₹10,00,000/- for housing, house construction, and repair/extension purposes, at a 12% interest rate to provide financial aid to citizens for housing needs.",,1.0,"District Central Cooperative Banks and through its Branches: For Housing, House Construction, Repair Extension Loan. The scheme offers loans up to ₹10,00,000/- for housing, house construction, and repair/extension purposes, at a 12% interest rate to provide financial aid to citizens for housing needs. Category: Banking,Financial Services and Insurance. Tags: Housing, Construction, Repair Extension, Loan."
mamy-mp,Mukhyamantri Asangathit Mazdoor Yojana,MAMY-MP,State,Individual,Not specified (state scheme),Madhya Pradesh,Social welfare & Empowerment,Labour;Remuneration;Worker;Electricity;Transport,"The scheme aims to provide social and financial welfare benefits to unorganized sector workers. It offers increased remuneration, seasonal bonuses, electricity subsidies, and assistance such as e-rickshaws to registered unorganized laborers in Madhya Pradesh.",,1.0,"Mukhyamantri Asangathit Mazdoor Yojana. The scheme aims to provide social and financial welfare benefits to unorganized sector workers. It offers increased remuneration, seasonal bonuses, electricity subsidies, and assistance such as e-rickshaws to registered unorganized laborers in Madhya Pradesh. Category: Social welfare & Empowerment. Tags: Labour, Remuneration, Worker, Electricity, Transport."
gsvsps,Ganesh Shankar Vidyaarthi Shramik Puraskar Rashi Yojana,GSVSPS,State,Individual,Not specified (state scheme),Uttar Pradesh,Education & Learning,Education;Financial Assistance;Social Welfare,"The Government of Uttar Pradesh initiated a scheme ""Ganesh Shankar Vidyarthi Shramik Puraskar Raschi Yojana"" to encourage the children towards the education.",,1.0,"Ganesh Shankar Vidyaarthi Shramik Puraskar Rashi Yojana. The Government of Uttar Pradesh initiated a scheme ""Ganesh Shankar Vidyarthi Shramik Puraskar Raschi Yojana"" to encourage the children towards the education. Category: Education & Learning. Tags: Education, Financial Assistance, Social Welfare."
mngryu,Mukhyamantri Nishulk Gas Refill Yojana,MMNGRY,State,Family,Not specified (state scheme),Uttarakhand,Social welfare & Empowerment,Gas Cylinder;Free Gas Refill;Antyodaya;Ration Card;Pink Card,"The scheme aims to support poor families by reducing their household fuel expenses. Under this scheme, Antyodaya (pink card) ration card holders in the state are entitled to receive three free gas cylinder refills every year.",,2.0,"Mukhyamantri Nishulk Gas Refill Yojana. The scheme aims to support poor families by reducing their household fuel expenses. Under this scheme, Antyodaya (pink card) ration card holders in the state are entitled to receive three free gas cylinder refills every year. Category: Social welfare & Empowerment. Tags: Gas Cylinder, Free Gas Refill, Antyodaya, Ration Card, Pink Card."
sisfs-fs,Startup India Seed Fund Scheme- For Startups,SISFS-FS,Central,Infra,Ministry Of Commerce And Industry,All,Business & Entrepreneurship,Startup;Seed Fund;Financial Assistance;Incubator;Grant,"The scheme “Startup India Seed Fund Scheme (SISFS)” was launched by the DPIIT on 19th April 2021 with an outlay of INR 945 Crore to provide financial assistance to startups for Proof of Concept, prototype development, product trials, market-entry, and commercialization.",,3.0,"Startup India Seed Fund Scheme- For Startups. The scheme “Startup India Seed Fund Scheme (SISFS)” was launched by the DPIIT on 19th April 2021 with an outlay of INR 945 Crore to provide financial assistance to startups for Proof of Concept, prototype development, product trials, market-entry, and commercialization. Category: Business & Entrepreneurship. Tags: Startup, Seed Fund, Financial Assistance, Incubator, Grant."
otsm,One Tea Scheme,OTSM,State,Individual,Not specified (state scheme),Meghalaya,"Agriculture,Rural & Environment",Tea;Cultural;DBT;Farmer,The objective of the One Tea Scheme is to ensure a minimum guaranteed price for fresh tea leaves to protect tea farmers from financial losses and provide economic stability. It also aims to support bought-leaf factories and promote sustainable tea cultivation in Meghalaya.,,1.0,"One Tea Scheme. The objective of the One Tea Scheme is to ensure a minimum guaranteed price for fresh tea leaves to protect tea farmers from financial losses and provide economic stability. It also aims to support bought-leaf factories and promote sustainable tea cultivation in Meghalaya. Category: Agriculture,Rural & Environment. Tags: Tea, Cultural, DBT, Farmer."
sss-goa,Salary Subsidy Scheme,SSS-GOA,State,Infra,Not specified (state scheme),Goa,Business & Entrepreneurship,Salary;Fresher;Employee;Company;Grant,"Launched in 2018, the ""Salary Subsidy Scheme"" by the Dept of Information Technology, Govt of Goa. The objective is to provide a Salary Subsidy to the eligible IT Units in Goa. The subsidy would be provided as a matching grant to the salary paid to Fresher up to ₹10,000 per Fresher per month.",,3.0,"Salary Subsidy Scheme. Launched in 2018, the ""Salary Subsidy Scheme"" by the Dept of Information Technology, Govt of Goa. The objective is to provide a Salary Subsidy to the eligible IT Units in Goa. The subsidy would be provided as a matching grant to the salary paid to Fresher up to ₹10,000 per Fresher per month. Category: Business & Entrepreneurship. Tags: Salary, Fresher, Employee, Company, Grant."
gsspbocwwb,General Surgery Scheme (P.B.O.C.W.W.B),GSSPBOCWWB,State,Family,Not specified (state scheme),Punjab,Health & Wellness,Labour;Building Worker;Construction Worker;General Surgery;Health;Operation,"The ""General Surgery Scheme'' by the BOCW Welfare Board, Department of Labour, Punjab, is a welfare scheme that provides financial assistance for general surgery of the beneficiary and his family members.",,2.0,"General Surgery Scheme (P.B.O.C.W.W.B). The ""General Surgery Scheme'' by the BOCW Welfare Board, Department of Labour, Punjab, is a welfare scheme that provides financial assistance for general surgery of the beneficiary and his family members. Category: Health & Wellness. Tags: Labour, Building Worker, Construction Worker, General Surgery, Health, Operation."
speoepsgug,"Scheme for Providing Employment Opportunities by Establishing Piggery, Sheep and Goat Units (General)",SPEOEPSGUG,State,Individual,Not specified (state scheme),Haryana,"Agriculture,Rural & Environment",Self-employment;Piggery Unit;Sheep Unit;Goat Unit;Animal Husbandry;Unemployed;Financial Assistance;Subsidy,"This scheme is a credit linked scheme with a primary objective of providing self-employment opportunities, the unemployed persons will be assisted by way of establishing Sheep or Goat Units (15 female+1 male) and Piggery Unit (10 female+1 male).",,1.0,"Scheme for Providing Employment Opportunities by Establishing Piggery, Sheep and Goat Units (General). This scheme is a credit linked scheme with a primary objective of providing self-employment opportunities, the unemployed persons will be assisted by way of establishing Sheep or Goat Units (15 female+1 male) and Piggery Unit (10 female+1 male). Category: Agriculture,Rural & Environment. Tags: Self-employment, Piggery Unit, Sheep Unit, Goat Unit, Animal Husbandry, Unemployed, Financial Assistance, Subsidy."
fat75opd,Financial Assistance to 75% or Permanent Disability,FAT75OPD,State,Individual,Not specified (state scheme),Maharashtra,Social welfare & Empowerment,Financial Assistance;Disability;Construction Worker;Medical Treatment,"The Financial Assistance to 75% or Permanent Disability was launched by the Maharashtra Building & Other Construction Workers Welfare Board (MBOCWW), Labor Department Maharashtra. In scheme, financial assistance of ₹2,00,000/- to the registered worker in case of 75 % or more permanent disability.",,1.0,"Financial Assistance to 75% or Permanent Disability. The Financial Assistance to 75% or Permanent Disability was launched by the Maharashtra Building & Other Construction Workers Welfare Board (MBOCWW), Labor Department Maharashtra. In scheme, financial assistance of ₹2,00,000/- to the registered worker in case of 75 % or more permanent disability. Category: Social welfare & Empowerment. Tags: Financial Assistance, Disability, Construction Worker, Medical Treatment."
docsom,Distribution of Certified Seeds of Maize,DOCSOM,State,Infra,Not specified (state scheme),Tamil Nadu,"Agriculture,Rural & Environment",Agriculture;Farmer;Seed Distribution;Maize;Subsidy,"The ""Distribution of Certified Seeds of Maize"" scheme by the Agriculture-Farmers Welfare Department, Tamil Nadu offers a subsidy to maize-growing farmers in specific districts of the state, providing financial assistance for purchasing certified maize seeds.",,3.0,"Distribution of Certified Seeds of Maize. The ""Distribution of Certified Seeds of Maize"" scheme by the Agriculture-Farmers Welfare Department, Tamil Nadu offers a subsidy to maize-growing farmers in specific districts of the state, providing financial assistance for purchasing certified maize seeds. Category: Agriculture,Rural & Environment. Tags: Agriculture, Farmer, Seed Distribution, Maize, Subsidy."
fssg,Fellowship Scholarship Scheme,FSSG,State,Individual,Not specified (state scheme),Gujarat,Education & Learning,Scholarship;Fellowship;Higher Education;Student,"The ""Fellowship Scholarship Scheme"" by the Education Department, Government of Gujarat, aims to provide financial help to students by granting an annual monetary award to those who secure 70% or more marks in Class 10th and pursue higher education.",,1.0,"Fellowship Scholarship Scheme. The ""Fellowship Scholarship Scheme"" by the Education Department, Government of Gujarat, aims to provide financial help to students by granting an annual monetary award to those who secure 70% or more marks in Class 10th and pursue higher education. Category: Education & Learning. Tags: Scholarship, Fellowship, Higher Education, Student."
arrs,Auto Rickshaw Regulation Scheme,ARRS,State,Individual,Not specified (state scheme),Madhya Pradesh,Transport & Infrastructure,Auto Rickshaws;Motor Vehicle;Rickshaw Operators;Road Safety;Permit;Driver,The scheme aims to regulate auto rickshaw operations by enforcing standardized permits and compliance conditions statewide to ensure safety and uniformity.,,1.0,"Auto Rickshaw Regulation Scheme. The scheme aims to regulate auto rickshaw operations by enforcing standardized permits and compliance conditions statewide to ensure safety and uniformity. Category: Transport & Infrastructure. Tags: Auto Rickshaws, Motor Vehicle, Rickshaw Operators, Road Safety, Permit, Driver."
dhausy,Dhobhi Hetu Avashyak Upkaran Sahayata Yojana,DHAUSY,State,Individual,Not specified (state scheme),Chhattisgarh,Social welfare & Empowerment,Unorganized Workers;Financial Support;Development,"The Labor Department of Chhattisgarh initiated this scheme on January 10, 2018, under the ""Unorganized Workers State Social Security Board."" This scheme aims to provide equipment support to dhobis.",,1.0,"Dhobhi Hetu Avashyak Upkaran Sahayata Yojana. The Labor Department of Chhattisgarh initiated this scheme on January 10, 2018, under the ""Unorganized Workers State Social Security Board."" This scheme aims to provide equipment support to dhobis. Category: Social welfare & Empowerment. Tags: Unorganized Workers, Financial Support, Development."
eees,Rajiv Gandhi Scholarship Scheme,RGSS,State,Individual,Not specified (state scheme),Haryana,Education & Learning,Scholarship;Student;Topper;Merit;Award;High School;Secondary School,"The scheme aims to encourage brilliant students and inculcate a spirit of competition among them. Under this scheme, scholarships/incentives are provided to meritorious students studying in Class VI to Class XII in government schools.",,1.0,"Rajiv Gandhi Scholarship Scheme. The scheme aims to encourage brilliant students and inculcate a spirit of competition among them. Under this scheme, scholarships/incentives are provided to meritorious students studying in Class VI to Class XII in government schools. Category: Education & Learning. Tags: Scholarship, Student, Topper, Merit, Award, High School, Secondary School."
wbtwsmbma,West Bengal Transport Workers’ Social Security Scheme: Medical Benefit for Major Ailments,WBTWSMBMA,State,Family,Not specified (state scheme),West Bengal,Health & Wellness,Social Security;Transport Worker;Health & Wellness;Major Ailments;Medical Benefit,"This scheme provides financial assistance for the treatment of beneficiaries or their family members suffering from major ailments like cancer, TB, brain stroke, cardiac problems, and others.",,2.0,"West Bengal Transport Workers’ Social Security Scheme: Medical Benefit for Major Ailments. This scheme provides financial assistance for the treatment of beneficiaries or their family members suffering from major ailments like cancer, TB, brain stroke, cardiac problems, and others. Category: Health & Wellness. Tags: Social Security, Transport Worker, Health & Wellness, Major Ailments, Medical Benefit."
fafps,Financial Assistance For Purchase Of Stationery To SC/ST/OBC/Minorities Students,FAFPS,State,Individual,Not specified (state scheme),Delhi,Social welfare & Empowerment,Financial Assistance;Scheduled Caste;Scheduled Tribe;Other Backward Classes;Minorities;Purchase Of Stationery;Students,Welfare scheme of Department For The Welfare Of SC/ST/OBC’s/Minorities to provide help for purchase of stationery to SC/ST/OBC/Minorities Students of 1st to 12th class studying Govt. of India/GNCT of Delhi/Aided Recognized schools.,,1.0,"Financial Assistance For Purchase Of Stationery To SC/ST/OBC/Minorities Students. Welfare scheme of Department For The Welfare Of SC/ST/OBC’s/Minorities to provide help for purchase of stationery to SC/ST/OBC/Minorities Students of 1st to 12th class studying Govt. of India/GNCT of Delhi/Aided Recognized schools. Category: Social welfare & Empowerment. Tags: Financial Assistance, Scheduled Caste, Scheduled Tribe, Other Backward Classes, Minorities, Purchase Of Stationery, Students."
mas-pbaocwwb,Medical Assistance Scheme (PBAOCWWB),MAS-PBAOCWWB,State,Individual,Not specified (state scheme),Puducherry,Social welfare & Empowerment;Health & Wellness,Medical;Hospital;Financial Assistance;Accident;Disease;Construction;Worker,"The ""Medical Assistance"" scheme provides financial assistance to Construction Workers hospitalized for five or more days due to an accident or disease. The financial assistance shall be ₹500/- for the first 5 days and ₹50/- each for the remaining days, subject to a maximum of ₹1,5000/-.",,1.0,"Medical Assistance Scheme (PBAOCWWB). The ""Medical Assistance"" scheme provides financial assistance to Construction Workers hospitalized for five or more days due to an accident or disease. The financial assistance shall be ₹500/- for the first 5 days and ₹50/- each for the remaining days, subject to a maximum of ₹1,5000/-. Category: Social welfare & Empowerment, Health & Wellness. Tags: Medical, Hospital, Financial Assistance, Accident, Disease, Construction, Worker."
sbm-g-i,Swachh Bharat Mission – Grameen PHASE I,SBMGPI,Central,Individual,Ministry Of Jal Shakti,All,Health & Wellness;Utility & Sanitation,Sanitation;Toilet;Grameen;Swachh Bharat,The scheme aims to eliminate open defecation and improve rural sanitation by supporting toilet construction and promoting usage among poor and marginalized rural households.,,1.0,"Swachh Bharat Mission – Grameen PHASE I. The scheme aims to eliminate open defecation and improve rural sanitation by supporting toilet construction and promoting usage among poor and marginalized rural households. Category: Health & Wellness, Utility & Sanitation. Tags: Sanitation, Toilet, Grameen, Swachh Bharat."
mhh,Maintenance of Horti Hubs,MHH,State,Individual,Not specified (state scheme),Meghalaya,"Agriculture,Rural & Environment",Farmer;Agriculture;Floriculture;Flower,"The objective of the scheme is to procure good quality disease-free and commercially accepted varieties of the identified flowers and multiply and, to serve as a demonstration cum training ground for those who are interested in Floriculture and who intend to make this as their means of livelihood.",,1.0,"Maintenance of Horti Hubs. The objective of the scheme is to procure good quality disease-free and commercially accepted varieties of the identified flowers and multiply and, to serve as a demonstration cum training ground for those who are interested in Floriculture and who intend to make this as their means of livelihood. Category: Agriculture,Rural & Environment. Tags: Farmer, Agriculture, Floriculture, Flower."
pas,Prosthetic Aid Scheme,PAS,State,Individual,Not specified (state scheme),Jammu and Kashmir,Social welfare & Empowerment,Persons With Disability;Prosthetic Aid;Social Welfare;Artificial Limb,"In the ""Prosthetic Aid Scheme"", Prosthetic Aids and Artificial Appliances (Tricycles, Wheel Chairs, Crutches, Hearing Aids, and Artificial Limbs, etc) are provided to Persons with Disability (e.g. blind, deaf, orthopedically or physically handicapped) by the Social Welfare Department.",2020-01-01,1.0,"Prosthetic Aid Scheme. In the ""Prosthetic Aid Scheme"", Prosthetic Aids and Artificial Appliances (Tricycles, Wheel Chairs, Crutches, Hearing Aids, and Artificial Limbs, etc) are provided to Persons with Disability (e.g. blind, deaf, orthopedically or physically handicapped) by the Social Welfare Department. Category: Social welfare & Empowerment. Tags: Persons With Disability, Prosthetic Aid, Social Welfare, Artificial Limb."
vajra,Visiting Advanced Joint Research Faculty Scheme,VAJRA,Central,Individual,Ministry Of Science And Technology,All,"Education & Learning;Science, IT & Communications",Visiting;Joint Research;Faculty;VAJRA;Overseas;NRI;OCI;SERB,VAJRA Faculty Scheme is a dedicated program exclusively for overseas scientists and academicians with emphasis on NRI and Persons of Indian Origin/Overseas Citizen of India to work as adjunct/visiting faculty for a specific period of time in Indian Public funded academic and research institutions.,,1.0,"Visiting Advanced Joint Research Faculty Scheme. VAJRA Faculty Scheme is a dedicated program exclusively for overseas scientists and academicians with emphasis on NRI and Persons of Indian Origin/Overseas Citizen of India to work as adjunct/visiting faculty for a specific period of time in Indian Public funded academic and research institutions. Category: Education & Learning, Science, IT & Communications. Tags: Visiting, Joint Research, Faculty, VAJRA, Overseas, NRI, OCI, SERB."
pagccigchosh,"Procedure for Admission in Government Child Care Institution, Government Communication Home and Open Shelter Home",PAGCCIGCHOSH,State,Individual,Not specified (state scheme),Uttarakhand,Housing & Shelter;Women and Child,Child Care Institution;Government Communication Home;Open Shelter Home;Orphan Children;Destitute Children;Abandoned Children,"The scheme aims to support orphaned, destitute, abandoned & vulnerable children by providing them with clothing, food, accommodation, medical care, education & other essential facilities in Government Child Care Institutions, Government Communication Homes, & Open Shelter Homes within the state.",,1.0,"Procedure for Admission in Government Child Care Institution, Government Communication Home and Open Shelter Home. The scheme aims to support orphaned, destitute, abandoned & vulnerable children by providing them with clothing, food, accommodation, medical care, education & other essential facilities in Government Child Care Institutions, Government Communication Homes, & Open Shelter Homes within the state. Category: Housing & Shelter, Women and Child. Tags: Child Care Institution, Government Communication Home, Open Shelter Home, Orphan Children, Destitute Children, Abandoned Children."
tfapps,Technology Fellowship and Patent Promotion Scheme,TFAPPS,State,Individual,Not specified (state scheme),Goa,Business & Entrepreneurship;Education & Learning,Technology;Fellowship;Patent;Grant,The objective of the scheme is to identify technology educators in technical educational institutes in Goa who are keen to further their expertise. The selected educators/fellows would be sent to Centres of Excellence within the country and abroad to undertake summer school and short-term training.,,1.0,"Technology Fellowship and Patent Promotion Scheme. The objective of the scheme is to identify technology educators in technical educational institutes in Goa who are keen to further their expertise. The selected educators/fellows would be sent to Centres of Excellence within the country and abroad to undertake summer school and short-term training. Category: Business & Entrepreneurship, Education & Learning. Tags: Technology, Fellowship, Patent, Grant."
fafiskc,COP-34 Financial Assistance to Farmer for Interest Subvention (Kishan Credit Card Interest Asst.),FAFISKC,State,Individual,Not specified (state scheme),Gujarat,"Agriculture,Rural & Environment",Agriculture;Farmer;Interest Subvention,"Under this scheme, financial assistance in the form of interest subvention is provided to farmers who repay their crop loans on time, helping them improve their agricultural productivity and economic well-being.",,1.0,"COP-34 Financial Assistance to Farmer for Interest Subvention (Kishan Credit Card Interest Asst.). Under this scheme, financial assistance in the form of interest subvention is provided to farmers who repay their crop loans on time, helping them improve their agricultural productivity and economic well-being. Category: Agriculture,Rural & Environment. Tags: Agriculture, Farmer, Interest Subvention."
asy,Antayoshti Sahayata Yojana,ASY,State,Individual,Not specified (state scheme),Jharkhand,Social welfare & Empowerment,Financial Asisstance;Social Welfare;Construction Worker,"""Antayoshti Sahayata Yojana"" is a scheme by the Department of Labour, Employment, Training & Skill Development Govt of Jharkhand. The scheme provides ₹ 10,000/- for the last rites in the case of the death of the registered beneficiary. Only the residents/domicile of the state of Jharkhand can apply.",,1.0,"Antayoshti Sahayata Yojana. ""Antayoshti Sahayata Yojana"" is a scheme by the Department of Labour, Employment, Training & Skill Development Govt of Jharkhand. The scheme provides ₹ 10,000/- for the last rites in the case of the death of the registered beneficiary. Only the residents/domicile of the state of Jharkhand can apply. Category: Social welfare & Empowerment. Tags: Financial Asisstance, Social Welfare, Construction Worker."
cmaay,Chief Minister Arogya Arunachal Yojana,CMAAY,State,Family,Not specified (state scheme),Arunachal Pradesh,Health & Wellness,Health;Medical;Hospital;Surgery;Patient,"The scheme aims to accord quality and cashless healthcare services to the indigenous people of the state and government employees and reduce out-of-pocket (OOP) expenses during major illness and hospitalization, thereby envisaging universal healthcare for all sections of society.",,2.0,"Chief Minister Arogya Arunachal Yojana. The scheme aims to accord quality and cashless healthcare services to the indigenous people of the state and government employees and reduce out-of-pocket (OOP) expenses during major illness and hospitalization, thereby envisaging universal healthcare for all sections of society. Category: Health & Wellness. Tags: Health, Medical, Hospital, Surgery, Patient."
naelgntdnt,New Akanksha Scheme (Educational Loan) (GNDTDC),NASELGNDTDC,State,Individual,Not specified (state scheme),Gujarat,"Education & Learning;Banking,Financial Services and Insurance",Higher Education;Technical Education;Graduation;Post Graduation;Loan;Nomadic Tribe;Denotified Tribe,"Under the scheme, educational loans of up to ₹10 lakh are provided to students belonging to Nomadic and Denotified Tribes communities for pursuing higher professional and technical education at the graduate and postgraduate levels.",,1.0,"New Akanksha Scheme (Educational Loan) (GNDTDC). Under the scheme, educational loans of up to ₹10 lakh are provided to students belonging to Nomadic and Denotified Tribes communities for pursuing higher professional and technical education at the graduate and postgraduate levels. Category: Education & Learning, Banking,Financial Services and Insurance. Tags: Higher Education, Technical Education, Graduation, Post Graduation, Loan, Nomadic Tribe, Denotified Tribe."
bsrs,UGC-BSR Faculty Fellowship Scheme,UGCBSRFFS,Central,Individual,Ministry of Education,All,Education & Learning,Research;Fellowship;Science;PhD;UGC;BSR;Technology;Associate Professor;Professor,The scheme aims to strengthen basic science research by allowing talented professors nearing superannuation to continue research and mentor Ph.D. students. It provides a monthly fellowship and an annual research grant for 3 years.,,1.0,"UGC-BSR Faculty Fellowship Scheme. The scheme aims to strengthen basic science research by allowing talented professors nearing superannuation to continue research and mentor Ph.D. students. It provides a monthly fellowship and an annual research grant for 3 years. Category: Education & Learning. Tags: Research, Fellowship, Science, PhD, UGC, BSR, Technology, Associate Professor, Professor."
ddusy,Deen Dayal Upadhyaya Swawlamban Yojana,DDUSY,State,Infra,Not specified (state scheme),Arunachal Pradesh,Business & Entrepreneurship,Youth;Unemployed;Entrepreneurship;Self-employed;Startups,"The scheme aims to encourage unemployed youth to gain access to low-cost capital for setting up an entrepreneurship. Through this scheme, a 40% front-ended capital investment subsidy is provided to the selected entrepreneurs.",,3.0,"Deen Dayal Upadhyaya Swawlamban Yojana. The scheme aims to encourage unemployed youth to gain access to low-cost capital for setting up an entrepreneurship. Through this scheme, a 40% front-ended capital investment subsidy is provided to the selected entrepreneurs. Category: Business & Entrepreneurship. Tags: Youth, Unemployed, Entrepreneurship, Self-employed, Startups."
iprrs,Intellectual Property Rights (IPR) Reimbursement Scheme,IPRRS,State,Infra,Not specified (state scheme),Goa,Business & Entrepreneurship,Startup;IPR;Business;Entrepreneur;Reimbursement,“Intellectual Property Rights Reimbursement Scheme” is a part of the Startup Policy 2017. The objective of the policy is to make Goa an aspirational geographical and human resource base for startups. The objective is to invite the best entrepreneurial minds and build a robust startup ecosystem.,,3.0,"Intellectual Property Rights (IPR) Reimbursement Scheme. “Intellectual Property Rights Reimbursement Scheme” is a part of the Startup Policy 2017. The objective of the policy is to make Goa an aspirational geographical and human resource base for startups. The objective is to invite the best entrepreneurial minds and build a robust startup ecosystem. Category: Business & Entrepreneurship. Tags: Startup, IPR, Business, Entrepreneur, Reimbursement."
sdftcw,Skill Development for the Construction Workers,SDFTCW,State,Individual,Not specified (state scheme),Dadra & Nagar Haveli and Daman & Diu,Social welfare & Empowerment;Education & Learning,Labour;Skill Development;Building Worker;Construction Worker,"The ""Skill Development for the Construction Workers'' by the BOCW Welfare Board, Labour Department, U.T. of DNH & DD, is a welfare scheme that provides financial assistance in the form of stipend to the workers who attend the training programs under “Pradhan Mantri Kaushal Vikas Yojana”.",,1.0,"Skill Development for the Construction Workers. The ""Skill Development for the Construction Workers'' by the BOCW Welfare Board, Labour Department, U.T. of DNH & DD, is a welfare scheme that provides financial assistance in the form of stipend to the workers who attend the training programs under “Pradhan Mantri Kaushal Vikas Yojana”. Category: Social welfare & Empowerment, Education & Learning. Tags: Labour, Skill Development, Building Worker, Construction Worker."
tifa,Trekking in Forest Area (Scheduled Castes),TIFA,State,Individual,Not specified (state scheme),Gujarat,Sports & Culture,Trekking;Forest Awareness;Wildlife Exposure;Eco Tourism;Scheduled Caste,"The scheme ""Trekking in Forest Area"" by the Sports, Youth and Cultural Activities Department, Government of Gujarat aims to promote love and awareness for nature among youth by organizing trekking programs in forest areas for selected young men and women.",,1.0,"Trekking in Forest Area (Scheduled Castes). The scheme ""Trekking in Forest Area"" by the Sports, Youth and Cultural Activities Department, Government of Gujarat aims to promote love and awareness for nature among youth by organizing trekking programs in forest areas for selected young men and women. Category: Sports & Culture. Tags: Trekking, Forest Awareness, Wildlife Exposure, Eco Tourism, Scheduled Caste."
francis,Fair Recreational Activity and Non-Competitive Involvement in Sports Urban Connect Scheme (F.R.A.N.C.I.S Urban Connect Scheme),FRANCIS,State,Infra,Not specified (state scheme),Goa,"Transport & Infrastructure;Agriculture,Rural & Environment",Recreation;Urban;Sports;Playground,"""Fair Recreational Activity and Non-Competitive Involvement in Sports Urban Connect Scheme (F.R.A.N.C.I.S Urban Connect Scheme)"" aims to provide safe play areas for healthy recreation and sports to urban communities. Assistance is provided to develop safe play areas in urban spaces.",,3.0,"Fair Recreational Activity and Non-Competitive Involvement in Sports Urban Connect Scheme (F.R.A.N.C.I.S Urban Connect Scheme). ""Fair Recreational Activity and Non-Competitive Involvement in Sports Urban Connect Scheme (F.R.A.N.C.I.S Urban Connect Scheme)"" aims to provide safe play areas for healthy recreation and sports to urban communities. Assistance is provided to develop safe play areas in urban spaces. Category: Transport & Infrastructure, Agriculture,Rural & Environment. Tags: Recreation, Urban, Sports, Playground."
pmgkp,Pradhan Mantri Garib Kalyan Package : Insurance Scheme For Health Workers Fighting COVID-19,PMGKP,Central,Individual,Ministry Of Health & Family Welfare,All,Health & Wellness,Life Insurance;Health Workers;COVID-19,"The ""Pradhan Mantri Garib Kalyan Package: Insurance Scheme for Health Workers Fighting COVID-19"" by the Ministry of Health and Family Welfare, Government of India aims to offer financial protection to healthcare workers involved in COVID-19 duties.",,1.0,"Pradhan Mantri Garib Kalyan Package : Insurance Scheme For Health Workers Fighting COVID-19. The ""Pradhan Mantri Garib Kalyan Package: Insurance Scheme for Health Workers Fighting COVID-19"" by the Ministry of Health and Family Welfare, Government of India aims to offer financial protection to healthcare workers involved in COVID-19 duties. Category: Health & Wellness. Tags: Life Insurance, Health Workers, COVID-19."
samsmeapr,"Scheme for Assistance to Micro, Small and Medium Enterprises (MSME): Assistance for Patent Registration",SAMSMEAPR,State,Infra,Not specified (state scheme),Gujarat,Business & Entrepreneurship,Business;Entrepreneurship;MSMEs;Start Up,"The ""Scheme for Assistance to Micro, Small and Medium Enterprises (MSME)"" launched by the Industries and Mines Department aims to position Gujarat as a global business hub, promoting sustainable manufacturing, MSME growth, and export competitiveness.",2025-08-06,3.0,"Scheme for Assistance to Micro, Small and Medium Enterprises (MSME): Assistance for Patent Registration. The ""Scheme for Assistance to Micro, Small and Medium Enterprises (MSME)"" launched by the Industries and Mines Department aims to position Gujarat as a global business hub, promoting sustainable manufacturing, MSME growth, and export competitiveness. Category: Business & Entrepreneurship. Tags: Business, Entrepreneurship, MSMEs, Start Up."
fasmrgmp,Financial Assistance to Shaurya Medal Recipients by the Government of Madhya Pradesh,FASMRGMP,State,Individual,Not specified (state scheme),Madhya Pradesh,Social welfare & Empowerment,Medal;Financial Assistance;Award,The scheme aims to honor and support Shaurya Medal recipients by providing financial aid and recognition for their bravery and distinguished service.,,1.0,"Financial Assistance to Shaurya Medal Recipients by the Government of Madhya Pradesh. The scheme aims to honor and support Shaurya Medal recipients by providing financial aid and recognition for their bravery and distinguished service. Category: Social welfare & Empowerment. Tags: Medal, Financial Assistance, Award."
sgpbj,Scheme for Grant of Pension Benefits to Journalists,SGPBJ,State,Individual,Not specified (state scheme),Puducherry,Social welfare & Empowerment,Pension;Journalist;Media;Newspaper;Press,"The scheme ""Scheme for Grant of Pension Benefits to Journalists"" offers a monthly pension of ₹6,000/- to qualified journalists who are 58 years or above in age, and have served for a minimum of 20 years in roles such as Full-time Editor, Reporter, Sub-Editor, Press Photographer/Videographer, etc.",,1.0,"Scheme for Grant of Pension Benefits to Journalists. The scheme ""Scheme for Grant of Pension Benefits to Journalists"" offers a monthly pension of ₹6,000/- to qualified journalists who are 58 years or above in age, and have served for a minimum of 20 years in roles such as Full-time Editor, Reporter, Sub-Editor, Press Photographer/Videographer, etc. Category: Social welfare & Empowerment. Tags: Pension, Journalist, Media, Newspaper, Press."
sfsa,Scheme For Study In Abroad,SFSA,State,Individual,Not specified (state scheme),Rajasthan,Education & Learning;Women and Child,Financial Assistance;Higher Education;Empowerment;Social Welfare,"In the year 2010-11, Rajasthan Government has taken the initiative to encourage girl child education by starting a scheme to Study Abroad.",,1.0,"Scheme For Study In Abroad. In the year 2010-11, Rajasthan Government has taken the initiative to encourage girl child education by starting a scheme to Study Abroad. Category: Education & Learning, Women and Child. Tags: Financial Assistance, Higher Education, Empowerment, Social Welfare."
makabbocwwb,Medical Assistance (Karmika Arogya Bhagya) (K.B.O.C.W.W.B),MAKABBOCWWB,State,Family,Not specified (state scheme),Karnataka,Health & Wellness,Labour;Building Worker;Construction Worker;Medical Assistance;Hospitalisation,"The ""Medical Assistance (Karmika Arogya Bhagya)'' by the BOCW Welfare Board, Department of Labour, Karnataka, is a welfare scheme that provides financial assistance to registered construction workers and their dependents for hospitalisation expenses in recognised hospitals.",,2.0,"Medical Assistance (Karmika Arogya Bhagya) (K.B.O.C.W.W.B). The ""Medical Assistance (Karmika Arogya Bhagya)'' by the BOCW Welfare Board, Department of Labour, Karnataka, is a welfare scheme that provides financial assistance to registered construction workers and their dependents for hospitalisation expenses in recognised hospitals. Category: Health & Wellness. Tags: Labour, Building Worker, Construction Worker, Medical Assistance, Hospitalisation."
lbs,Ladli Beti Scheme,LBS,State,Family,Not specified (state scheme),Jammu and Kashmir,"Banking,Financial Services and Insurance;Social welfare & Empowerment;Women and Child",Girl Child;Financial Assistance;Social Welfare,A social assistance scheme sponsored by the J&K Govt. for newborn girl children born on or after 01/04/2015. The objective is to arrest the declining female sex ratio. The scheme ensures that the girl child does not become a burden for the parent or guardian at the time of her marriage.,,2.0,"Ladli Beti Scheme. A social assistance scheme sponsored by the J&K Govt. for newborn girl children born on or after 01/04/2015. The objective is to arrest the declining female sex ratio. The scheme ensures that the girl child does not become a burden for the parent or guardian at the time of her marriage. Category: Banking,Financial Services and Insurance, Social welfare & Empowerment, Women and Child. Tags: Girl Child, Financial Assistance, Social Welfare."
apch-gbocwwb,Advance for Purchase or Construction of House (GBOCWWB),APCH-GBOCWWB,State,Individual,Not specified (state scheme),Goa,Housing & Shelter;Social welfare & Empowerment,House;Construction;Financial Assistance;Labour;Worker,"""Advance for Purchase or Construction of House"" is a Welfare Scheme by the Goa Building and Other Construction Workers Welfare Board, Dept of Labour and Employment, Goa. The worker registered with the Board is sanctioned financial assistance of upto ₹50,000 for the purchase/construction of a house.",,1.0,"Advance for Purchase or Construction of House (GBOCWWB). ""Advance for Purchase or Construction of House"" is a Welfare Scheme by the Goa Building and Other Construction Workers Welfare Board, Dept of Labour and Employment, Goa. The worker registered with the Board is sanctioned financial assistance of upto ₹50,000 for the purchase/construction of a house. Category: Housing & Shelter, Social welfare & Empowerment. Tags: House, Construction, Financial Assistance, Labour, Worker."
agsmais,Aatmanirbhar Gujarat Scheme for Assistance to Mega Industries: Assistance of Interest Subsidy,AGSMAIS,State,Infra,Not specified (state scheme),Gujarat,Business & Entrepreneurship,Business;Entrepreneurship;Mega Industries;Interest Subsidy;Thrust Manufacturing Sector,"The ""Aatmanirbhar Gujarat Scheme for Assistance to Mega Industries"" aims to strengthen the overall industrial ecosystem in the State and also enable a larger set of manufacturing companies to emulate the adoption of clean energy and make them future-ready to compete in global markets.",,3.0,"Aatmanirbhar Gujarat Scheme for Assistance to Mega Industries: Assistance of Interest Subsidy. The ""Aatmanirbhar Gujarat Scheme for Assistance to Mega Industries"" aims to strengthen the overall industrial ecosystem in the State and also enable a larger set of manufacturing companies to emulate the adoption of clean energy and make them future-ready to compete in global markets. Category: Business & Entrepreneurship. Tags: Business, Entrepreneurship, Mega Industries, Interest Subsidy, Thrust Manufacturing Sector."
obdopmtig,Organizing Block Demonstration on Polythene Mulch Technology in Groundnut,OBDOPMTIG,State,Individual,Not specified (state scheme),Tamil Nadu,"Agriculture,Rural & Environment",Agriculture;Farmer;Block Demonstration;Polythene Mulch Technology;Groundnut,The scheme provides financial assistance to farmers for adopting polythene mulch technology in groundnut cultivation to improve productivity.,,1.0,"Organizing Block Demonstration on Polythene Mulch Technology in Groundnut. The scheme provides financial assistance to farmers for adopting polythene mulch technology in groundnut cultivation to improve productivity. Category: Agriculture,Rural & Environment. Tags: Agriculture, Farmer, Block Demonstration, Polythene Mulch Technology, Groundnut."
nfbsm,National Family Benefit Scheme (Maharashtra),NFBSM,State,Individual,Not specified (state scheme),Maharashtra,Social welfare & Empowerment,Pension;Family;BPL;Death;Below Poverty Line,"The scheme ""National Family Benefit Scheme (Maharashtra)"" is a social welfare scheme by the Social Justice & Special Assistance Department, Government of Maharashtra. Under this scheme, ₹20,000/-. is provided to the family in the event of the death of their primary breadwinner.",,1.0,"National Family Benefit Scheme (Maharashtra). The scheme ""National Family Benefit Scheme (Maharashtra)"" is a social welfare scheme by the Social Justice & Special Assistance Department, Government of Maharashtra. Under this scheme, ₹20,000/-. is provided to the family in the event of the death of their primary breadwinner. Category: Social welfare & Empowerment. Tags: Pension, Family, BPL, Death, Below Poverty Line."
rsai9csu,Refinance Scheme for Acquisition of ISO 9000 Certification for SSI Unit (ISO 9000),RSAI9CSU,State,Individual,Not specified (state scheme),Puducherry,"Banking,Financial Services and Insurance;Business & Entrepreneurship",Entrepreneur;Industry;Loan;Investment;Certification;Acquisition,"The scheme aims to assist the existing industrial concerns in the SSI sector for the expenses on consultancy, documentation, audit, certification fees, equipment, and calibrating instruments required would be taken into account for determining the loan requirement.",,1.0,"Refinance Scheme for Acquisition of ISO 9000 Certification for SSI Unit (ISO 9000). The scheme aims to assist the existing industrial concerns in the SSI sector for the expenses on consultancy, documentation, audit, certification fees, equipment, and calibrating instruments required would be taken into account for determining the loan requirement. Category: Banking,Financial Services and Insurance, Business & Entrepreneurship. Tags: Entrepreneur, Industry, Loan, Investment, Certification, Acquisition."
safpofn,Intensive Fisheries Development Programme - Subsidy on Purchase of Fishing Nets (Scheduled Caste),IFDPSPFN,State,,Not specified (state scheme),Haryana,"Agriculture,Rural & Environment",Fishing Nets;Subsidy;Fishermen;Scheduled Caste;Fisheries,"The scheme aims to provide financial assistance to individuals from Scheduled Caste families engaged in fishing activities for the purchase of fishing nets. Under this scheme, a 60% subsidy or up to ₹24,000, on the purchase of fishing nets worth ₹40,000/- will be provided to eligible beneficiaries.",,,"Intensive Fisheries Development Programme - Subsidy on Purchase of Fishing Nets (Scheduled Caste). The scheme aims to provide financial assistance to individuals from Scheduled Caste families engaged in fishing activities for the purchase of fishing nets. Under this scheme, a 60% subsidy or up to ₹24,000, on the purchase of fishing nets worth ₹40,000/- will be provided to eligible beneficiaries. Category: Agriculture,Rural & Environment. Tags: Fishing Nets, Subsidy, Fishermen, Scheduled Caste, Fisheries."
agsmscg,Aatmanirbhar Gujarat Scheme for Assistance to Mega Industries: Reimbursement of SGST Paid on Capital Goods,AGSMSCG,State,Infra,Not specified (state scheme),Gujarat,Business & Entrepreneurship,Business;Entrepreneurship;Mega Industries;Capital Goods;SGST;Thrust Manufacturing Sector,"The ""Aatmanirbhar Gujarat Scheme for Assistance to Mega Industries"" aims to strengthen the overall industrial ecosystem in the State and also enable a larger set of manufacturing companies to emulate the adoption of clean energy and make them future-ready to compete in global markets.",,3.0,"Aatmanirbhar Gujarat Scheme for Assistance to Mega Industries: Reimbursement of SGST Paid on Capital Goods. The ""Aatmanirbhar Gujarat Scheme for Assistance to Mega Industries"" aims to strengthen the overall industrial ecosystem in the State and also enable a larger set of manufacturing companies to emulate the adoption of clean energy and make them future-ready to compete in global markets. Category: Business & Entrepreneurship. Tags: Business, Entrepreneurship, Mega Industries, Capital Goods, SGST, Thrust Manufacturing Sector."
isshsfdc,Industrial Sector Scheme (HSFDC),ISSHSFDC,State,Individual,Not specified (state scheme),Haryana,"Banking,Financial Services and Insurance;Business & Entrepreneurship",Industrial Sector;HSFDC;Loan;BPL;Scheduled Caste;Trade;Business;Self-Employment,"Under this scheme, the Corporation provides loans/benefits to individuals from BPL families, whose annual family income does not exceed ₹1,80,000/-, in both rural & urban areas for various self-employment income-generating activities such as carpentry, leather and leather goods manufacturing, etc.",,1.0,"Industrial Sector Scheme (HSFDC). Under this scheme, the Corporation provides loans/benefits to individuals from BPL families, whose annual family income does not exceed ₹1,80,000/-, in both rural & urban areas for various self-employment income-generating activities such as carpentry, leather and leather goods manufacturing, etc. Category: Banking,Financial Services and Insurance, Business & Entrepreneurship. Tags: Industrial Sector, HSFDC, Loan, BPL, Scheduled Caste, Trade, Business, Self-Employment."
tecis,TEC Internship Scheme,TECIS,Central,Individual,Ministry Of Communication,All,"Science, IT & Communications;Education & Learning",Internship;Student;Telecommunication;Research;Graduation;Postgraduation,The ‘TEC Internship Scheme’ intends to engage 25 Interns in order to study/formulate/operationalize/assess various works/projects/policies etc. The internship will provide an opportunity for young scholars to contribute to the TEC work and have insight into the related technical work.,,1.0,"TEC Internship Scheme. The ‘TEC Internship Scheme’ intends to engage 25 Interns in order to study/formulate/operationalize/assess various works/projects/policies etc. The internship will provide an opportunity for young scholars to contribute to the TEC work and have insight into the related technical work. Category: Science, IT & Communications, Education & Learning. Tags: Internship, Student, Telecommunication, Research, Graduation, Postgraduation."
mmlby,Mukhyamantri - Majhi Ladki Bahin Yojana,MMLBY,State,Individual,Not specified (state scheme),Maharashtra,Social welfare & Empowerment;Women and Child,Female;Financial Assistance;Health;Nutrition,"The ""Mukhyamantri - Majhi Ladki Bahin Yojana"" is for the economic freedom of women in the state age group of 21 to 65, improving their health and nutrition and strengthening their decisive role in the family. The women will receive a financial benefit through direct benefit transfer.",,1.0,"Mukhyamantri - Majhi Ladki Bahin Yojana. The ""Mukhyamantri - Majhi Ladki Bahin Yojana"" is for the economic freedom of women in the state age group of 21 to 65, improving their health and nutrition and strengthening their decisive role in the family. The women will receive a financial benefit through direct benefit transfer. Category: Social welfare & Empowerment, Women and Child. Tags: Female, Financial Assistance, Health, Nutrition."
dpiit-is,DPIIT Internship Scheme,DPIIT-IS,Central,Individual,Ministry Of Commerce And Industry,All,Education & Learning,Internship;DPIIT;Student;Under Graduate;Post Graduate;Research Scholar,DPIIT has introduced an internship scheme for students pursuing Under Graduate/Post Graduate degrees or Research Scholars enrolled in recognized universities/Institutions within India or abroad. The applicants can choose the period of their choice ranging from one/two/three months.,,1.0,"DPIIT Internship Scheme. DPIIT has introduced an internship scheme for students pursuing Under Graduate/Post Graduate degrees or Research Scholars enrolled in recognized universities/Institutions within India or abroad. The applicants can choose the period of their choice ranging from one/two/three months. Category: Education & Learning. Tags: Internship, DPIIT, Student, Under Graduate, Post Graduate, Research Scholar."
ymdwmdsrs,Yuvak Mangal Dal and Mahila Mangal Dal Swavalamban Yojana,YMDMMDSY,State,Individual,Not specified (state scheme),Uttarakhand,Social welfare & Empowerment,Financial Assistance;Self-reliance;Mangal Dal;Youth,"The scheme aims to promote self-reliance among village-level male and female youth groups (Mangal Dals) by providing financial support for the purchase of essential materials, enabling them to become self-reliant and undertake community-based activities.",,1.0,"Yuvak Mangal Dal and Mahila Mangal Dal Swavalamban Yojana. The scheme aims to promote self-reliance among village-level male and female youth groups (Mangal Dals) by providing financial support for the purchase of essential materials, enabling them to become self-reliant and undertake community-based activities. Category: Social welfare & Empowerment. Tags: Financial Assistance, Self-reliance, Mangal Dal, Youth."
fabesm,Financial Assistance to Blind Ex-Servicemen,FABESM,State,Infra,Not specified (state scheme),Haryana,Social welfare & Empowerment,Financial Assistance;Blind;Ex-Serviceman;ESM;Sainik,"Under the scheme, financial assistance of ₹3,000/‐ per month shall be granted to those Permanent Blind Ex-servicemen who are bonafide resident of Haryana & are not in receipt of any kind of pension/financial assistance either from Haryana Govt. or any other Department of Govt. of India.",,3.0,"Financial Assistance to Blind Ex-Servicemen. Under the scheme, financial assistance of ₹3,000/‐ per month shall be granted to those Permanent Blind Ex-servicemen who are bonafide resident of Haryana & are not in receipt of any kind of pension/financial assistance either from Haryana Govt. or any other Department of Govt. of India. Category: Social welfare & Empowerment. Tags: Financial Assistance, Blind, Ex-Serviceman, ESM, Sainik."
fafejkbocwwb,Financial Assistance for Funeral Expenses (JKBOCWWB),FAFEJKBOCWWB,State,Family,Not specified (state scheme),Jammu and Kashmir,Social welfare & Empowerment,Building Worker;Construction Worker;Labour;Death;Funeral Expenses,"The “Financial Assistance for Funeral Expenses” scheme by the BOCW Welfare Board, Labour Department, Jammu and Kashmir, is a welfare scheme that provides financial assistance to the nominees of a deceased registered member for covering funeral expenses.",,2.0,"Financial Assistance for Funeral Expenses (JKBOCWWB). The “Financial Assistance for Funeral Expenses” scheme by the BOCW Welfare Board, Labour Department, Jammu and Kashmir, is a welfare scheme that provides financial assistance to the nominees of a deceased registered member for covering funeral expenses. Category: Social welfare & Empowerment. Tags: Building Worker, Construction Worker, Labour, Death, Funeral Expenses."
fsmpscsmsgs,Fellowship Scheme for M.Phil & Ph.D for Scheduled Caste Students (Maharaja Sayajirao Gayakvad Scholarship),FSMPSCS(MSGS),State,Individual,Not specified (state scheme),Gujarat,Education & Learning,Scholarship;Fellowship;Thesis;MPhil;PhD;Scheduled Caste;Student,"Under this scheme, Scheduled Caste students pursuing M.Phil and Ph.D. programs at any recognized universities will receive a monthly fellowship.",,1.0,"Fellowship Scheme for M.Phil & Ph.D for Scheduled Caste Students (Maharaja Sayajirao Gayakvad Scholarship). Under this scheme, Scheduled Caste students pursuing M.Phil and Ph.D. programs at any recognized universities will receive a monthly fellowship. Category: Education & Learning. Tags: Scholarship, Fellowship, Thesis, MPhil, PhD, Scheduled Caste, Student."
mkyh,Mahila Kisan Yojana,MKYH,State,Individual,Not specified (state scheme),Haryana,Business & Entrepreneurship,Women;Employment;Loan;Subsidy;Enterpreneur;Scheduled Caste,"The scheme ""Mahila Kisan Yojana"" is an economic empowerment scheme by the Scheduled Castes Finance and Development Corporation, Government of Haryana. Through this scheme, loans are provided to the women from Scheduled Castes for the betterment of their economic status through self-employment.",,1.0,"Mahila Kisan Yojana. The scheme ""Mahila Kisan Yojana"" is an economic empowerment scheme by the Scheduled Castes Finance and Development Corporation, Government of Haryana. Through this scheme, loans are provided to the women from Scheduled Castes for the betterment of their economic status through self-employment. Category: Business & Entrepreneurship. Tags: Women, Employment, Loan, Subsidy, Enterpreneur, Scheduled Caste."
bepuk,Braille Equipment Provision,BEPUK,State,Individual,Not specified (state scheme),Uttarakhand,Social welfare & Empowerment,Disabled Person;Divyang;Braille Devices;Visual Disability;Assistive Technology,"The ""Braille Equipment Provision"" scheme aims to empower persons with visual disabilities to live independently by supporting their writing, computing, mobility, and entertainment needs. Through this scheme, Braille equipment is manufactured and made available to individuals and institutions.",,1.0,"Braille Equipment Provision. The ""Braille Equipment Provision"" scheme aims to empower persons with visual disabilities to live independently by supporting their writing, computing, mobility, and entertainment needs. Through this scheme, Braille equipment is manufactured and made available to individuals and institutions. Category: Social welfare & Empowerment. Tags: Disabled Person, Divyang, Braille Devices, Visual Disability, Assistive Technology."
ks,Khushi Scheme,KS,State,Individual,Not specified (state scheme),Odisha,Health & Wellness;Women and Child,Sanitary Pads;Health;Hygiene,"The Department of Health and Family Welfare, Government of Odisha had introduced a scheme named ""Khushi"" which aims to provide Free sanitary napkins to all girls in Government and aided schools from class 6th to 12th.",,1.0,"Khushi Scheme. The Department of Health and Family Welfare, Government of Odisha had introduced a scheme named ""Khushi"" which aims to provide Free sanitary napkins to all girls in Government and aided schools from class 6th to 12th. Category: Health & Wellness, Women and Child. Tags: Sanitary Pads, Health, Hygiene."
freecoach,Free Coaching Scheme,FREECOACH,Central,Individual,Ministry Of Social Justice and Empowerment,All,Education & Learning,Coaching;Competitive Exams;DNT;Stipend;Special Allowance,The scheme aims to provide good coaching quality for DNT candidates to enable them to appear in competitive examinations and succeed in obtaining an appropriate job in the Public/Private Sector.,,1.0,"Free Coaching Scheme. The scheme aims to provide good coaching quality for DNT candidates to enable them to appear in competitive examinations and succeed in obtaining an appropriate job in the Public/Private Sector. Category: Education & Learning. Tags: Coaching, Competitive Exams, DNT, Stipend, Special Allowance."
tufs,Transgender Utthan Kosh – Identity Card for Transgender,TUK-ICT,State,Individual,Not specified (state scheme),Rajasthan,Social welfare & Empowerment,Identity Card;Transgender;Citizen Empowerment,"This scheme aims to identify transgender persons and issuing identity cards to them. This certificate/identity card will be valid for all government purposes, including obtaining a ration card, Aadhaar card, birth certificate, etc.",,1.0,"Transgender Utthan Kosh – Identity Card for Transgender. This scheme aims to identify transgender persons and issuing identity cards to them. This certificate/identity card will be valid for all government purposes, including obtaining a ration card, Aadhaar card, birth certificate, etc. Category: Social welfare & Empowerment. Tags: Identity Card, Transgender, Citizen Empowerment."
asr,Aastha Yojana,AYR,State,Family,Not specified (state scheme),Rajasthan,Health & Wellness;Social welfare & Empowerment,Persons With Disabilities;Medical Treatment;Ration;Welfare Benefits;PwD;Astha Card,"The scheme aims to provide BPL-equivalent benefits to families with two or more specially-abled members. Under this scheme, eligible families receive free medical treatment, ration supplies, and other welfare benefits.",,2.0,"Aastha Yojana. The scheme aims to provide BPL-equivalent benefits to families with two or more specially-abled members. Under this scheme, eligible families receive free medical treatment, ration supplies, and other welfare benefits. Category: Health & Wellness, Social welfare & Empowerment. Tags: Persons With Disabilities, Medical Treatment, Ration, Welfare Benefits, PwD, Astha Card."
yuvasree,Yuvasree Prakalpa,YUVASREE ,State,Individual,Not specified (state scheme),West Bengal,Skills & Employment,Employment;Job Seeker;Financial Assistance;Placement,"""Yuvasree"" was launched in 2013 by Labor Department, Government of West Bengal for providing financial assistance to jobseekers.",,1.0,"Yuvasree Prakalpa. ""Yuvasree"" was launched in 2013 by Labor Department, Government of West Bengal for providing financial assistance to jobseekers. Category: Skills & Employment. Tags: Employment, Job Seeker, Financial Assistance, Placement."
lsspplydfsimisadirep,Loktantra Senani Samman Pension (Police Line Yojana) for the democracy fighters of the state imprisoned under MISA/DIR during the emergency period (from 25.06.1975 to 21.03.1977),LSSPPLYDFSIMISADIREP,State,Individual,Not specified (state scheme),Uttarakhand,Social welfare & Empowerment,Pension;Police Line;Democracy Fighter;Emergency Period,"The scheme provides financial assistance in the form of a monthly pension of ₹20,000/- to the democracy fighters of the state who were imprisoned under MISA/DIR during the Emergency period (from 25.06.1975 to 21.03.1977).",,1.0,"Loktantra Senani Samman Pension (Police Line Yojana) for the democracy fighters of the state imprisoned under MISA/DIR during the emergency period (from 25.06.1975 to 21.03.1977). The scheme provides financial assistance in the form of a monthly pension of ₹20,000/- to the democracy fighters of the state who were imprisoned under MISA/DIR during the Emergency period (from 25.06.1975 to 21.03.1977). Category: Social welfare & Empowerment. Tags: Pension, Police Line, Democracy Fighter, Emergency Period."
cmss,Chief Minister's Scholarship Scheme,CMSS,State,Individual,Not specified (state scheme),Meghalaya,Education & Learning,Student;Scholarship;Education;Courses,"Under this scheme, financial support is provided to students from Class XI to Ph.D. level. It offers a fixed annual scholarship of ₹6,000 for post-matric studies, which is paid directly into the students’ bank accounts. This scholarship is often provided in addition to other scholarships.",,1.0,"Chief Minister's Scholarship Scheme. Under this scheme, financial support is provided to students from Class XI to Ph.D. level. It offers a fixed annual scholarship of ₹6,000 for post-matric studies, which is paid directly into the students’ bank accounts. This scholarship is often provided in addition to other scholarships. Category: Education & Learning. Tags: Student, Scholarship, Education, Courses."
dsctaecc,Development Support for Coffee in Traditional Areas: Eco-certification of Coffee,DSCTA:ECC,Central,Infra,Ministry Of Commerce And Industry,All,"Agriculture,Rural & Environment",Coffee;Farmer;Agriculture;Subsidy;DBT,The scheme encourages coffee growers to access high-value speciality markets through the production of eco-certified coffees to realize higher returns by adhering to a set of standards that help in the communication of the various conditions surrounding the production of coffee.,,3.0,"Development Support for Coffee in Traditional Areas: Eco-certification of Coffee. The scheme encourages coffee growers to access high-value speciality markets through the production of eco-certified coffees to realize higher returns by adhering to a set of standards that help in the communication of the various conditions surrounding the production of coffee. Category: Agriculture,Rural & Environment. Tags: Coffee, Farmer, Agriculture, Subsidy, DBT."
otss,One Time Settlement (O.T.S.) Scheme,OTSS,State,Infra,Not specified (state scheme),Goa,Utility & Sanitation,Electricity;Agriculture;Waiver;Bill,"""One Time Settlement (O.T.S.) Scheme"" aims to recover outstanding electricity dues from defaulting consumers by offering a waiver of delayed payment charges. Beneficiaries can pay only the principal amount in a lump sum, applicable to consumers with arrears up to ₹20,000/- as of 31-3-2008.",2009-04-15,3.0,"One Time Settlement (O.T.S.) Scheme. ""One Time Settlement (O.T.S.) Scheme"" aims to recover outstanding electricity dues from defaulting consumers by offering a waiver of delayed payment charges. Beneficiaries can pay only the principal amount in a lump sum, applicable to consumers with arrears up to ₹20,000/- as of 31-3-2008. Category: Utility & Sanitation. Tags: Electricity, Agriculture, Waiver, Bill."
ivs,PMMSY: Insulated Vehicles - Haryana,IVS,State,Individual,Not specified (state scheme),Haryana,"Agriculture,Rural & Environment;Transport & Infrastructure",Fish Farmer;Vehicle;Financial Assistance;Transportation,The scheme aims to provide a subsidy per unit for purchasing insulated vehicles for the beneficiaries to promote cold-chain logistics in fish transportation.,,1.0,"PMMSY: Insulated Vehicles - Haryana. The scheme aims to provide a subsidy per unit for purchasing insulated vehicles for the beneficiaries to promote cold-chain logistics in fish transportation. Category: Agriculture,Rural & Environment, Transport & Infrastructure. Tags: Fish Farmer, Vehicle, Financial Assistance, Transportation."
pknsjbf,Patrakar Kritadnyata Nidhi Scheme (Journalist Benevolent Fund),PKNSJBF,State,Individual,Not specified (state scheme),Goa,"Science, IT & Communications;Social welfare & Empowerment",Journalist;Financial Assistance;Education;Marriage;Medical,"The scheme aims to provide financial assistance to journalists in Goa for emergencies like medical treatment, marriage, and education. Benefits include aid up to ₹2,00,000/and scholarships for dependents. Eligible journalists must be registered and working in Goa for at least three years.",,1.0,"Patrakar Kritadnyata Nidhi Scheme (Journalist Benevolent Fund). The scheme aims to provide financial assistance to journalists in Goa for emergencies like medical treatment, marriage, and education. Benefits include aid up to ₹2,00,000/and scholarships for dependents. Eligible journalists must be registered and working in Goa for at least three years. Category: Science, IT & Communications, Social welfare & Empowerment. Tags: Journalist, Financial Assistance, Education, Marriage, Medical."
mvdcws-trpda,Motor Vehicle Driver-Conductor Welfare Scheme- Training and Rehabilitation in Case of Permanent Disability due to Accident,MVDCWS-TRPDA,State,Individual,Not specified (state scheme),Madhya Pradesh,Skills & Employment;Social welfare & Empowerment;Transport & Infrastructure,Permanent Disability;Accident;Training;Rehabilitation;Drivers;Conductors,The scheme aims to rehabilitate drivers and conductors who suffer permanent disability due to accidents by providing skill training for alternative employment to the beneficiaries.,,1.0,"Motor Vehicle Driver-Conductor Welfare Scheme- Training and Rehabilitation in Case of Permanent Disability due to Accident. The scheme aims to rehabilitate drivers and conductors who suffer permanent disability due to accidents by providing skill training for alternative employment to the beneficiaries. Category: Skills & Employment, Social welfare & Empowerment, Transport & Infrastructure. Tags: Permanent Disability, Accident, Training, Rehabilitation, Drivers, Conductors."
hsjps,Haryana Shubhra Jyotsna Pension Scheme,HSJPS,State,Individual,Not specified (state scheme),Haryana,Social welfare & Empowerment,Pension;Emergency;Imprisonment;Financial Assistance,"The scheme “Haryana Shubhra Jyotsna Pension Scheme” was launched by the General Administration Department, Government of Haryana on 16th April 2018.",,1.0,"Haryana Shubhra Jyotsna Pension Scheme. The scheme “Haryana Shubhra Jyotsna Pension Scheme” was launched by the General Administration Department, Government of Haryana on 16th April 2018. Category: Social welfare & Empowerment. Tags: Pension, Emergency, Imprisonment, Financial Assistance."
giftmrc,Government Institute for the Mentally Retarded - Tamil Nadu,GIFTMRC,State,Individual,Not specified (state scheme),Tamil Nadu,Social welfare & Empowerment;Education & Learning;Skills & Employment,Mentally Retarded;Disabilitiy;Medicine;Education,"The 'Government Institute for the Mentally Retarded,Chennai' scheme was launched by the Department for the Welfare of Differently Abled Persons, Government of Tamil Nadu. Under this scheme, children with intellectual disability are given special education, vocational training, food, uniforms etc.",,1.0,"Government Institute for the Mentally Retarded - Tamil Nadu. The 'Government Institute for the Mentally Retarded,Chennai' scheme was launched by the Department for the Welfare of Differently Abled Persons, Government of Tamil Nadu. Under this scheme, children with intellectual disability are given special education, vocational training, food, uniforms etc. Category: Social welfare & Empowerment, Education & Learning, Skills & Employment. Tags: Mentally Retarded, Disabilitiy, Medicine, Education."
sspftws,Stipend Scheme For Poultry Farming Training For Weaker Section,SSPFTWS,State,Individual,Not specified (state scheme),Gujarat,"Agriculture,Rural & Environment;Skills & Employment",Poultry Farming;Training;Weaker Section;Stipend;Cash Assistance,"The scheme “Stipend Scheme for Poultry Farming Training for Weaker Section” was launched by the Department of Agriculture, Farmers Welfare & Co-operation, Government of Gujarat to raise the income of poultry farmers by scientific poultry farming training.",,1.0,"Stipend Scheme For Poultry Farming Training For Weaker Section. The scheme “Stipend Scheme for Poultry Farming Training for Weaker Section” was launched by the Department of Agriculture, Farmers Welfare & Co-operation, Government of Gujarat to raise the income of poultry farmers by scientific poultry farming training. Category: Agriculture,Rural & Environment, Skills & Employment. Tags: Poultry Farming, Training, Weaker Section, Stipend, Cash Assistance."
ipsfaci,Investment Promotion Scheme (IPS) For Cottage Industries: Financial Assistance To Cottage Industries,IPSFACI,State,Infra,Not specified (state scheme),Dadra & Nagar Haveli and Daman & Diu,Business & Entrepreneurship,Cottage Industries;MSMEs;Incentives;Entrepreneurship;Subsidy;Reimbursement;IPS;Term Loan;Capital Subsidy;Interest Subsidy,"“Financial Assistance To Cottage Industries'' under the “Investment Promotion Scheme (IPS)”, implemented by the Dept. of Industries, U.T. Administration Of DNH & DD, aims to provide financial assistance to Cottage Industries on the term loan taken through banks.",,3.0,"Investment Promotion Scheme (IPS) For Cottage Industries: Financial Assistance To Cottage Industries. “Financial Assistance To Cottage Industries'' under the “Investment Promotion Scheme (IPS)”, implemented by the Dept. of Industries, U.T. Administration Of DNH & DD, aims to provide financial assistance to Cottage Industries on the term loan taken through banks. Category: Business & Entrepreneurship. Tags: Cottage Industries, MSMEs, Incentives, Entrepreneurship, Subsidy, Reimbursement, IPS, Term Loan, Capital Subsidy, Interest Subsidy."
vsrksk,Operation/implementation of Vidhik Seva Rath,OIVSR,State,Individual,Not specified (state scheme),Uttarakhand,"Public Safety,Law & Justice",Free Book;Legal Awareness;Mobile Van;Vidhik Seva Rath;Legal Services,"The scheme aims to spread legal awareness and provide information about welfare schemes to people in both urban and remote rural areas, ensuring that citizens are informed about their rights and available government benefits.",,1.0,"Operation/implementation of Vidhik Seva Rath. The scheme aims to spread legal awareness and provide information about welfare schemes to people in both urban and remote rural areas, ensuring that citizens are informed about their rights and available government benefits. Category: Public Safety,Law & Justice. Tags: Free Book, Legal Awareness, Mobile Van, Vidhik Seva Rath, Legal Services."
needs,New Entrepreneur-cum-enterprise Development Scheme,Needs,State,Individual,Not specified (state scheme),Tamil Nadu,Business & Entrepreneurship,Entrepreneur;NEEDS;Loan;Subsidy;MSME,"The scheme “New Entrepreneur-Cum-Enterprise Development Scheme (NEEDS)” was launched by the Department of Micro, Small and Medium Enterprises, Government of Tamil Nadu. The scheme was devised and formulated as a special scheme to assist educated youth to become first-generation entrepreneurs.",,1.0,"New Entrepreneur-cum-enterprise Development Scheme. The scheme “New Entrepreneur-Cum-Enterprise Development Scheme (NEEDS)” was launched by the Department of Micro, Small and Medium Enterprises, Government of Tamil Nadu. The scheme was devised and formulated as a special scheme to assist educated youth to become first-generation entrepreneurs. Category: Business & Entrepreneurship. Tags: Entrepreneur, NEEDS, Loan, Subsidy, MSME."
pm,Plastic Mulching,PM,State,Individual,Not specified (state scheme),Rajasthan,"Agriculture,Rural & Environment",Farmer;Plastic Mulching;Farming;Agriculture,"Under the Plastic Mulching scheme, the Rajasthan government provided subsidies to farmers. In this, the soil surface of the field is covered with plastic film. Farmer can also use crop residues for laying mulch.",,1.0,"Plastic Mulching. Under the Plastic Mulching scheme, the Rajasthan government provided subsidies to farmers. In this, the soil surface of the field is covered with plastic film. Farmer can also use crop residues for laying mulch. Category: Agriculture,Rural & Environment. Tags: Farmer, Plastic Mulching, Farming, Agriculture."
wpup,Widow Pension - Uttar Pradesh,WPUP,State,Individual,Not specified (state scheme),Uttar Pradesh,Social welfare & Empowerment,Social Welfare;Financial Assistance,Widow pension in Uttar Pradesh is a social welfare scheme by the Government of Uttar Pradesh to provide financial assistance to widows residing in the state. The scheme is administered by the Women Welfare Department of the state government.,,1.0,"Widow Pension - Uttar Pradesh. Widow pension in Uttar Pradesh is a social welfare scheme by the Government of Uttar Pradesh to provide financial assistance to widows residing in the state. The scheme is administered by the Women Welfare Department of the state government. Category: Social welfare & Empowerment. Tags: Social Welfare, Financial Assistance."
giatvowitaodw,Grant-In-Aid to Voluntary Organizations Working In The Area of ​​Disabled Welfare,GIATVOWITAODW,State,Infra,Not specified (state scheme),Chhattisgarh,Social welfare & Empowerment,Child;Disabled;Education;Rehabilitation;Juvenile;Training,"""Grant-in-aid to Voluntary Organizations Working in the Area of Disabled Welfare"" aims to support institutions working for the welfare of disabled individuals. Grants for free education, training, residential arrangements, and rehabilitation are provided to disabled immigrants.",,3.0,"Grant-In-Aid to Voluntary Organizations Working In The Area of ​​Disabled Welfare. ""Grant-in-aid to Voluntary Organizations Working in the Area of Disabled Welfare"" aims to support institutions working for the welfare of disabled individuals. Grants for free education, training, residential arrangements, and rehabilitation are provided to disabled immigrants. Category: Social welfare & Empowerment. Tags: Child, Disabled, Education, Rehabilitation, Juvenile, Training."
atpm,Assistance to Traditional Pottery Makers,ATPM,State,Individual,Not specified (state scheme),Kerala,Skills & Employment;Business & Entrepreneurship,Financial Assistance;Pottery;OBC;Pottery Worker,The scheme “Assistance to Traditional Pottery Makers” provides financial assistance to Traditional Pottery makers belonging to the state OBC category for the purchase of modern machinery for job modernization.,,1.0,"Assistance to Traditional Pottery Makers. The scheme “Assistance to Traditional Pottery Makers” provides financial assistance to Traditional Pottery makers belonging to the state OBC category for the purchase of modern machinery for job modernization. Category: Skills & Employment, Business & Entrepreneurship. Tags: Financial Assistance, Pottery, OBC, Pottery Worker."
sfanwgl,Scheme of Financial Assistance to New Writers of Gujarati Language and Literature for Publishing Original Works of Creative and Fine Literature,SFANWGL,State,,Not specified (state scheme),Gujarat,Sports & Culture,Gujarati Literature;Author;Book Printing Aid,The scheme aims to financially support new writers in the Gujarati language who wish to publish original works of creative and literary merit.,,,"Scheme of Financial Assistance to New Writers of Gujarati Language and Literature for Publishing Original Works of Creative and Fine Literature. The scheme aims to financially support new writers in the Gujarati language who wish to publish original works of creative and literary merit. Category: Sports & Culture. Tags: Gujarati Literature, Author, Book Printing Aid."
skksbpa,Swahid Kushal Konwar Sarbajanin Briddha Pension Achoni,SKKSBPA,State,Individual,Not specified (state scheme),Assam,Social welfare & Empowerment,Pension;Senior Citizen;Social Welfare,"Launched on 2nd October 2018, ""Swahid Kushal Konwar Sarbajanin Briddha Pension Achoni"" is a Pension Scheme by the Govt. of Assam. The objective of the scheme is to streamline the payment of old-age pensions and funds. The beneficiary will get a sum of ₹250/- per month.",,1.0,"Swahid Kushal Konwar Sarbajanin Briddha Pension Achoni. Launched on 2nd October 2018, ""Swahid Kushal Konwar Sarbajanin Briddha Pension Achoni"" is a Pension Scheme by the Govt. of Assam. The objective of the scheme is to streamline the payment of old-age pensions and funds. The beneficiary will get a sum of ₹250/- per month. Category: Social welfare & Empowerment. Tags: Pension, Senior Citizen, Social Welfare."
etmaf,Establishment of 12 Milch Animal Farm,ETMAF,State,Individual,Not specified (state scheme),Gujarat,"Agriculture,Rural & Environment",Animal Husbandry;Rural Employment;Animal Farm,"The ""Establishment of 12 Milch Animal Farm"" scheme introduced by the Agriculture, Farmers Welfare and Cooperation Department, Gujarat, supports livestock owners in establishing dairy farms with up to 12 milch animals.",,1.0,"Establishment of 12 Milch Animal Farm. The ""Establishment of 12 Milch Animal Farm"" scheme introduced by the Agriculture, Farmers Welfare and Cooperation Department, Gujarat, supports livestock owners in establishing dairy farms with up to 12 milch animals. Category: Agriculture,Rural & Environment. Tags: Animal Husbandry, Rural Employment, Animal Farm."
piduk,Promotion of Institutional Delivery,PIDUK,State,Individual,Not specified (state scheme),Uttarakhand,Women and Child;Health & Wellness,Mother;Newborn;Childcare;Pregnant Woman;Institutional Delivery,"The scheme aims to promote safe and institutional deliveries by providing free accommodation to pregnant women, especially from disaster-prone areas, near district hospitals.",,1.0,"Promotion of Institutional Delivery. The scheme aims to promote safe and institutional deliveries by providing free accommodation to pregnant women, especially from disaster-prone areas, near district hospitals. Category: Women and Child, Health & Wellness. Tags: Mother, Newborn, Childcare, Pregnant Woman, Institutional Delivery."
lbuars,Land/Built-Up Area Rebate Scheme,LBUARS,State,Infra,Not specified (state scheme),Goa,Business & Entrepreneurship,Rebate;Land;Office;Employee,"""Land/Built-Up Area Rebate Scheme"" by the Dept. of IT, Govt. of Goa. The scheme aims to provide Land / Built-up Area Rebate to the IT Industry in the state of Goa. A one-time rebate for the purchase of Land for creating IT Office Space and for the purchase of Built-Up office space for IT operations.",,3.0,"Land/Built-Up Area Rebate Scheme. ""Land/Built-Up Area Rebate Scheme"" by the Dept. of IT, Govt. of Goa. The scheme aims to provide Land / Built-up Area Rebate to the IT Industry in the state of Goa. A one-time rebate for the purchase of Land for creating IT Office Space and for the purchase of Built-Up office space for IT operations. Category: Business & Entrepreneurship. Tags: Rebate, Land, Office, Employee."
cdccuk,Cancer Day Care Centre - Uttarakhand,CDCCUK,State,Individual,Not specified (state scheme),Uttarakhand,Health & Wellness,Cancer;Day Care Centre;Cancer Patient;Chemotherapy,"The scheme aims to ensure early detection & timely treatment of cancer by providing accessible & affordable healthcare services within the state. Under this initiative, free screening for common cancers such as oral, breast, & cervical cancer is being conducted across all districts of Uttarakhand.",,1.0,"Cancer Day Care Centre - Uttarakhand. The scheme aims to ensure early detection & timely treatment of cancer by providing accessible & affordable healthcare services within the state. Under this initiative, free screening for common cancers such as oral, breast, & cervical cancer is being conducted across all districts of Uttarakhand. Category: Health & Wellness. Tags: Cancer, Day Care Centre, Cancer Patient, Chemotherapy."
atmfcvc,Assistance in Trellise Mandap for Cultivation of Vegetable Crops,ATMFCVC,State,Individual,Not specified (state scheme),Gujarat,"Agriculture,Rural & Environment",Agriculture;Vegetable Farming;Trellis Mandap;Farming Infrastructure,"The scheme ""Assistance in Trellise Mandap for Cultivation of Vegetable Crops"" aims to promote structured vegetable farming through the provision of financial assistance for constructing kachha/semi-pucca/pucca trellis mandaps to all farmers across the state.",,1.0,"Assistance in Trellise Mandap for Cultivation of Vegetable Crops. The scheme ""Assistance in Trellise Mandap for Cultivation of Vegetable Crops"" aims to promote structured vegetable farming through the provision of financial assistance for constructing kachha/semi-pucca/pucca trellis mandaps to all farmers across the state. Category: Agriculture,Rural & Environment. Tags: Agriculture, Vegetable Farming, Trellis Mandap, Farming Infrastructure."
fssaiis,Food Safety & Standards Authority Of India (FSSAI) Internship Scheme,FSSAIIS,Central,Individual,Ministry Of Health & Family Welfare,All,Education & Learning,Food Safety;Internship;Student;College;Health,"The Internship Program by the FSSAI provides interns with unique learning opportunities in various areas of food regulation of food safety administration. FSSAI is a statutory body established under the Food Safety & Standards Act, 2006 under the aegis of the Ministry of Health & Family Welfare.",,1.0,"Food Safety & Standards Authority Of India (FSSAI) Internship Scheme. The Internship Program by the FSSAI provides interns with unique learning opportunities in various areas of food regulation of food safety administration. FSSAI is a statutory body established under the Food Safety & Standards Act, 2006 under the aegis of the Ministry of Health & Family Welfare. Category: Education & Learning. Tags: Food Safety, Internship, Student, College, Health."
km,Krushi Mahotsav,KM,State,Individual,Not specified (state scheme),Gujarat,"Agriculture,Rural & Environment;Education & Learning",Education;Agriculture;Famers;Training;Scientific Farming;Farm Mechanization,The Krishi Mahotsav Yojana is an agricultural development scheme launched by the Government of Gujarat in the year 2010. The scheme aims to boost agricultural productivity and increase the income of farmers in the state.,,1.0,"Krushi Mahotsav. The Krishi Mahotsav Yojana is an agricultural development scheme launched by the Government of Gujarat in the year 2010. The scheme aims to boost agricultural productivity and increase the income of farmers in the state. Category: Agriculture,Rural & Environment, Education & Learning. Tags: Education, Agriculture, Famers, Training, Scientific Farming, Farm Mechanization."
tncmfp,Tamil Nadu Chief Minister's Fellowship Programme,TNCMFP,State,Individual,Not specified (state scheme),Tamil Nadu,Education & Learning,Fellowship;Fellow;Stipend;Young Professional,The Government of Tamil Nadu has introduced the two-year “Tamil Nadu Chief Minister’s Fellowship Programme (TNCMFP)” to harness the energy and talent of young professionals to optimize the governance processes and enhance the service delivery of various programme and policies in Tamil Nadu.,,1.0,"Tamil Nadu Chief Minister's Fellowship Programme. The Government of Tamil Nadu has introduced the two-year “Tamil Nadu Chief Minister’s Fellowship Programme (TNCMFP)” to harness the energy and talent of young professionals to optimize the governance processes and enhance the service delivery of various programme and policies in Tamil Nadu. Category: Education & Learning. Tags: Fellowship, Fellow, Stipend, Young Professional."
mnbmssy,Mukhyamantri Noni Babu Medhavi Shiksha Sahayata Yojana,MNBMSSY,State,Individual,Not specified (state scheme),Chhattisgarh,Education & Learning,Financial Assistance;Education;Student,"Chhattisgarh State Government started a scheme ""Mukhyamantri Noni Babu Medhavi Shiksha Sahayata Yojana"" for Building and other construction worker on 06 January 2012.",,1.0,"Mukhyamantri Noni Babu Medhavi Shiksha Sahayata Yojana. Chhattisgarh State Government started a scheme ""Mukhyamantri Noni Babu Medhavi Shiksha Sahayata Yojana"" for Building and other construction worker on 06 January 2012. Category: Education & Learning. Tags: Financial Assistance, Education, Student."
peaceifiear,Promotion of Energy Audit and Conservation of Energy (PEACE): Incentive for Implementing Energy Audit Recommendations,PEACE:IFIEAR,State,Infra,Not specified (state scheme),Tamil Nadu,Business & Entrepreneurship,Energy;Audit;Business;MSME;Enterprise,"The ""Incentive for lmplementing Energy Audit Recommendations"" component of this scheme is introduced to incentivise MSMEs to implement the recommendations of the Energy Audit Report and to optimize energy consumption leading to energy saving and money savings in electricity bills.",,3.0,"Promotion of Energy Audit and Conservation of Energy (PEACE): Incentive for Implementing Energy Audit Recommendations. The ""Incentive for lmplementing Energy Audit Recommendations"" component of this scheme is introduced to incentivise MSMEs to implement the recommendations of the Energy Audit Report and to optimize energy consumption leading to energy saving and money savings in electricity bills. Category: Business & Entrepreneurship. Tags: Energy, Audit, Business, MSME, Enterprise."
vdcmip,Viksit Delhi CM Internship Programme,VDCMIP,State,Individual,Not specified (state scheme),Delhi,Education & Learning;Skills & Employment,Internship;Graduation;Interns;Post-graduation;Boot Camp,"The programme aims to harness the energy and innovative ideas of the youth pursuing graduation and post-graduation of India, which will be implemented in policy and decision making, to make Delhi a smart, clean, caring and prosperous metropolis.",,1.0,"Viksit Delhi CM Internship Programme. The programme aims to harness the energy and innovative ideas of the youth pursuing graduation and post-graduation of India, which will be implemented in policy and decision making, to make Delhi a smart, clean, caring and prosperous metropolis. Category: Education & Learning, Skills & Employment. Tags: Internship, Graduation, Interns, Post-graduation, Boot Camp."
pis,Police Internship Scheme,PIS,State,Individual,Not specified (state scheme),Madhya Pradesh,"Public Safety,Law & Justice;Education & Learning",Internship;Youth;Students;Opportunity;Legal,The scheme aims to familiarize meritorious students with police functioning and promote research in law enforcement by providing selected students a six-week internship in district police stations under official supervision.,,1.0,"Police Internship Scheme. The scheme aims to familiarize meritorious students with police functioning and promote research in law enforcement by providing selected students a six-week internship in district police stations under official supervision. Category: Public Safety,Law & Justice, Education & Learning. Tags: Internship, Youth, Students, Opportunity, Legal."
gscims,Goa (Subsidy to Clay Idol Makers) Scheme,GSCIMS,State,Individual,Not specified (state scheme),Goa,Social welfare & Empowerment;Business & Entrepreneurship,Artisan;Subsidy;Cottage;Industry;Handicraft;Employment,"The scheme aims to encourage Goan artisans to continue traditional clay idol making by providing a subsidy of ₹100/- per idol, supporting registered local craftsmen in preserving cultural heritage and ensuring livelihood sustainability.",,1.0,"Goa (Subsidy to Clay Idol Makers) Scheme. The scheme aims to encourage Goan artisans to continue traditional clay idol making by providing a subsidy of ₹100/- per idol, supporting registered local craftsmen in preserving cultural heritage and ensuring livelihood sustainability. Category: Social welfare & Empowerment, Business & Entrepreneurship. Tags: Artisan, Subsidy, Cottage, Industry, Handicraft, Employment."
is,Incubation Scheme,IS,Central,Infra,"Ministry Of Micro, Small and Medium Enterprises",All,Business & Entrepreneurship,Capital Support;Plant And Machinery;Financial Support;Business & Entreurprneurship,Incubation Scheme aims to promote and support untapped creativity and to promote adoption of latest technologies in MSMEs that seek the validation of their ideas at the proof-of-concept level.,,3.0,"Incubation Scheme. Incubation Scheme aims to promote and support untapped creativity and to promote adoption of latest technologies in MSMEs that seek the validation of their ideas at the proof-of-concept level. Category: Business & Entrepreneurship. Tags: Capital Support, Plant And Machinery, Financial Support, Business & Entreurprneurship."
ngyuk,Nishulk Ganavesh Yojana,NGYUK,State,Individual,Not specified (state scheme),Uttarakhand,Education & Learning,Student;Scheduled Castes;Scheduled Caste;Scheduled Tribe;Girl Student;BPL,"The scheme aims to provide free uniforms to all girl students studying in Classes 1 to 8 of government and government-aided schools, as well as to all boys belonging to Scheduled Castes and Scheduled Tribes, and boys from the General category who fall under the BPL category.",,1.0,"Nishulk Ganavesh Yojana. The scheme aims to provide free uniforms to all girl students studying in Classes 1 to 8 of government and government-aided schools, as well as to all boys belonging to Scheduled Castes and Scheduled Tribes, and boys from the General category who fall under the BPL category. Category: Education & Learning. Tags: Student, Scheduled Castes, Scheduled Caste, Scheduled Tribe, Girl Student, BPL."
tukpmsfst,Transgender Utthan Kosh - Post Matric Scholarship for Studying Transgender,TUKPMSFST,State,Individual,Not specified (state scheme),Rajasthan,Education & Learning,Scholarship;Transgender;Post-matric;Student,"The scheme aims to support transgender students pursuing post-matric education. Under this scheme, transgender students receive a monthly scholarship of ₹1,000/- to cover educational expenses for their post-matric studies.",,1.0,"Transgender Utthan Kosh - Post Matric Scholarship for Studying Transgender. The scheme aims to support transgender students pursuing post-matric education. Under this scheme, transgender students receive a monthly scholarship of ₹1,000/- to cover educational expenses for their post-matric studies. Category: Education & Learning. Tags: Scholarship, Transgender, Post-matric, Student."
mwfhjwy,Mukhyamantri Work Form Home-Job Work Yojana,MWFH,State,Individual,Not specified (state scheme),Rajasthan,Women and Child,Women;Work From Home;Empower;Employment,"The main objective of the ""Mukhyamantri Work from Home"" Scheme is to provide an opportunity for the women of the state to get employment sitting at home and to empower women by providing them with financial help by giving them work.",,1.0,"Mukhyamantri Work Form Home-Job Work Yojana. The main objective of the ""Mukhyamantri Work from Home"" Scheme is to provide an opportunity for the women of the state to get employment sitting at home and to empower women by providing them with financial help by giving them work. Category: Women and Child. Tags: Women, Work From Home, Empower, Employment."
doctoral-fellowship,ICSSR Doctoral Fellowship,ICSSR DOCTORAL FELLOWSHIP,Central,Individual,Ministry of Education,All,Education & Learning,ICSSR Fellowships;Doctoral Fellowship;Social Science Research;PhD;Research Scholars,The Indian Council of Social Science Research (ICSSR) offers Doctoral Fellowships to support full-time Ph.D. scholars engaged in high-quality research in the field of social and human sciences. These fellowships are awarded to Indian research scholars registered in Ph.D. programs at UGC-recognized u,,1.0,"ICSSR Doctoral Fellowship. The Indian Council of Social Science Research (ICSSR) offers Doctoral Fellowships to support full-time Ph.D. scholars engaged in high-quality research in the field of social and human sciences. These fellowships are awarded to Indian research scholars registered in Ph.D. programs at UGC-recognized u Category: Education & Learning. Tags: ICSSR Fellowships, Doctoral Fellowship, Social Science Research, PhD, Research Scholars."
